-- MySQL dump 10.13  Distrib 5.6.23, for Win32 (x86)
--
-- Host: 127.0.0.1    Database: t-chamados
-- ------------------------------------------------------
-- Server version	5.6.15-log

/*!40101 SET @OLD_CHARACTER_SET_CLIENT=@@CHARACTER_SET_CLIENT */;
/*!40101 SET @OLD_CHARACTER_SET_RESULTS=@@CHARACTER_SET_RESULTS */;
/*!40101 SET @OLD_COLLATION_CONNECTION=@@COLLATION_CONNECTION */;
/*!40101 SET NAMES utf8 */;
/*!40103 SET @OLD_TIME_ZONE=@@TIME_ZONE */;
/*!40103 SET TIME_ZONE='+00:00' */;
/*!40014 SET @OLD_UNIQUE_CHECKS=@@UNIQUE_CHECKS, UNIQUE_CHECKS=0 */;
/*!40014 SET @OLD_FOREIGN_KEY_CHECKS=@@FOREIGN_KEY_CHECKS, FOREIGN_KEY_CHECKS=0 */;
/*!40101 SET @OLD_SQL_MODE=@@SQL_MODE, SQL_MODE='NO_AUTO_VALUE_ON_ZERO' */;
/*!40111 SET @OLD_SQL_NOTES=@@SQL_NOTES, SQL_NOTES=0 */;

--
-- Table structure for table `tc_atendentes`
--

DROP TABLE IF EXISTS `tc_atendentes`;
/*!40101 SET @saved_cs_client     = @@character_set_client */;
/*!40101 SET character_set_client = utf8 */;
CREATE TABLE `tc_atendentes` (
  `codigo` int(11) NOT NULL AUTO_INCREMENT,
  `nome_completo` varchar(255) DEFAULT NULL,
  `cpf` varchar(20) DEFAULT NULL,
  `cep` varchar(20) DEFAULT NULL,
  `logradouro` varchar(255) DEFAULT NULL,
  `numero` varchar(50) DEFAULT NULL,
  `complemento` varchar(50) DEFAULT NULL,
  `bairro` varchar(255) DEFAULT NULL,
  `cidade` varchar(255) DEFAULT NULL,
  `estado` varchar(2) DEFAULT NULL,
  `referencia` text,
  `facebook` varchar(255) DEFAULT NULL,
  `whatsapp` varchar(50) DEFAULT NULL,
  `telefone` varchar(20) DEFAULT NULL,
  `celular` varchar(20) DEFAULT NULL,
  `email` varchar(255) DEFAULT NULL,
  `login` varchar(255) DEFAULT NULL,
  `senha` varchar(255) DEFAULT NULL,
  `ativo` int(1) DEFAULT NULL,
  `perfil` int(11) DEFAULT NULL,
  PRIMARY KEY (`codigo`)
) ENGINE=MyISAM AUTO_INCREMENT=2 DEFAULT CHARSET=latin1;
/*!40101 SET character_set_client = @saved_cs_client */;

--
-- Dumping data for table `tc_atendentes`
--

LOCK TABLES `tc_atendentes` WRITE;
/*!40000 ALTER TABLE `tc_atendentes` DISABLE KEYS */;
INSERT INTO `tc_atendentes` VALUES (1,'Valdelei Junior Braga','5555555','36305172','Rua Carlos Alves','273','','Matozinhos','São João Del Rei','MG','','','','(32) 3371-8938','(32) 9888-15300','junior@alfadesign.eti.br',NULL,NULL,1,NULL);
/*!40000 ALTER TABLE `tc_atendentes` ENABLE KEYS */;
UNLOCK TABLES;

--
-- Table structure for table `tc_categoria`
--

DROP TABLE IF EXISTS `tc_categoria`;
/*!40101 SET @saved_cs_client     = @@character_set_client */;
/*!40101 SET character_set_client = utf8 */;
CREATE TABLE `tc_categoria` (
  `codigo` int(11) NOT NULL AUTO_INCREMENT,
  `nome` varchar(255) DEFAULT NULL,
  PRIMARY KEY (`codigo`)
) ENGINE=MyISAM AUTO_INCREMENT=3 DEFAULT CHARSET=latin1;
/*!40101 SET character_set_client = @saved_cs_client */;

--
-- Dumping data for table `tc_categoria`
--

LOCK TABLES `tc_categoria` WRITE;
/*!40000 ALTER TABLE `tc_categoria` DISABLE KEYS */;
INSERT INTO `tc_categoria` VALUES (1,'Desenvolvimento E Programação'),(2,'Financeiro');
/*!40000 ALTER TABLE `tc_categoria` ENABLE KEYS */;
UNLOCK TABLES;

--
-- Table structure for table `tc_chamado`
--

DROP TABLE IF EXISTS `tc_chamado`;
/*!40101 SET @saved_cs_client     = @@character_set_client */;
/*!40101 SET character_set_client = utf8 */;
CREATE TABLE `tc_chamado` (
  `codigo` int(11) NOT NULL AUTO_INCREMENT,
  `categoria` int(11) DEFAULT NULL,
  `descricao` text,
  `data_prazo` date DEFAULT NULL,
  `empresa` int(11) DEFAULT NULL,
  `data_abertura` datetime DEFAULT NULL,
  `status` int(11) DEFAULT NULL,
  `observacao_atual` text,
  `responsavel_atual` int(11) DEFAULT NULL,
  `cadastrado_por` varchar(255) DEFAULT NULL,
  `alterado_em` datetime DEFAULT NULL,
  PRIMARY KEY (`codigo`)
) ENGINE=MyISAM AUTO_INCREMENT=8 DEFAULT CHARSET=latin1;
/*!40101 SET character_set_client = @saved_cs_client */;

--
-- Dumping data for table `tc_chamado`
--

LOCK TABLES `tc_chamado` WRITE;
/*!40000 ALTER TABLE `tc_chamado` DISABLE KEYS */;
INSERT INTO `tc_chamado` VALUES (7,1,'Internet não funciona','2017-04-26',130,'2017-04-12 14:14:01',2,'2017-04-12 14:14:01 admin : testar cabos \n ------------------------------------------------------------------------------------------------',1,'admin','2017-04-12 14:14:01');
/*!40000 ALTER TABLE `tc_chamado` ENABLE KEYS */;
UNLOCK TABLES;

--
-- Table structure for table `tc_chamado_historico`
--

DROP TABLE IF EXISTS `tc_chamado_historico`;
/*!40101 SET @saved_cs_client     = @@character_set_client */;
/*!40101 SET character_set_client = utf8 */;
CREATE TABLE `tc_chamado_historico` (
  `codigo` int(11) NOT NULL AUTO_INCREMENT,
  `numero_chamado` int(11) DEFAULT NULL,
  `encaminhado_de` varchar(255) DEFAULT NULL,
  `encaminhado_para` varchar(255) DEFAULT NULL,
  `observacao` text,
  `status` int(1) DEFAULT NULL,
  `data` date DEFAULT NULL,
  PRIMARY KEY (`codigo`)
) ENGINE=MyISAM AUTO_INCREMENT=4 DEFAULT CHARSET=latin1;
/*!40101 SET character_set_client = @saved_cs_client */;

--
-- Dumping data for table `tc_chamado_historico`
--

LOCK TABLES `tc_chamado_historico` WRITE;
/*!40000 ALTER TABLE `tc_chamado_historico` DISABLE KEYS */;
INSERT INTO `tc_chamado_historico` VALUES (1,1,NULL,'1','Precisa verificar o site',1,'2016-06-09'),(2,1,NULL,'1','teste apara observacao',1,'2017-04-11'),(3,7,NULL,'1','testar cabos',1,'2017-04-12');
/*!40000 ALTER TABLE `tc_chamado_historico` ENABLE KEYS */;
UNLOCK TABLES;

--
-- Table structure for table `tc_empresa`
--

DROP TABLE IF EXISTS `tc_empresa`;
/*!40101 SET @saved_cs_client     = @@character_set_client */;
/*!40101 SET character_set_client = utf8 */;
CREATE TABLE `tc_empresa` (
  `codigo` int(11) NOT NULL AUTO_INCREMENT,
  `nome` varchar(255) DEFAULT NULL,
  `razao_social` varchar(255) DEFAULT NULL,
  `cnpj` varchar(15) DEFAULT NULL,
  `segmento` varchar(255) DEFAULT NULL,
  `cep` varchar(30) DEFAULT NULL,
  `logradouro` varchar(255) DEFAULT NULL,
  `numero` varchar(30) DEFAULT NULL,
  `complemento` varchar(30) NOT NULL,
  `bairro` varchar(255) NOT NULL,
  `cidade` varchar(255) DEFAULT NULL,
  `estado` varchar(2) DEFAULT NULL,
  `referencia` varchar(255) DEFAULT NULL,
  `latitude` decimal(11,2) DEFAULT NULL,
  `longitude` decimal(11,2) DEFAULT NULL,
  `telefone01` varchar(30) DEFAULT NULL,
  `falar_com1` varchar(255) DEFAULT NULL,
  `telefone02` varchar(30) DEFAULT NULL,
  `falar_com2` varchar(255) DEFAULT NULL,
  `email` varchar(255) DEFAULT NULL,
  `facebook` varchar(255) DEFAULT NULL,
  `linkedin` varchar(255) DEFAULT NULL,
  `whatsapp` varchar(30) DEFAULT NULL,
  `ativo` int(1) DEFAULT NULL,
  `cadastrado_por` varchar(255) DEFAULT NULL,
  `cadastrado_em` datetime DEFAULT NULL,
  `alterado_por` varchar(255) DEFAULT NULL,
  `alterado_em` datetime DEFAULT NULL,
  PRIMARY KEY (`codigo`)
) ENGINE=MyISAM AUTO_INCREMENT=456 DEFAULT CHARSET=latin1;
/*!40101 SET character_set_client = @saved_cs_client */;

--
-- Dumping data for table `tc_empresa`
--

LOCK TABLES `tc_empresa` WRITE;
/*!40000 ALTER TABLE `tc_empresa` DISABLE KEYS */;
INSERT INTO `tc_empresa` VALUES (1,'Empresa Xxx','Xempresa','0000000000','Tecnologia','31980210','Rua Anapurus','49','A','São Gabriel','São Gonçalo','MG','PUC-MG',NULL,NULL,'(31) 5655-2235','Pedro','(31) 8952-1463','Mario','empresax@x.com','facebook.com/empresax','@empresax','(31) 8955-4521',1,NULL,NULL,NULL,NULL),(4,'HELIOTEK MAQUINAS E EQUIPAMENTOS LTDA','HELIOTEK MAQUINAS E EQUIPAMENTOS LTDA','',NULL,NULL,NULL,NULL,'','','BARUERI',NULL,NULL,NULL,NULL,NULL,NULL,NULL,NULL,NULL,NULL,NULL,NULL,NULL,NULL,NULL,NULL,NULL),(5,'VENTURELLI & MUELLER LTDA.','VENTURELLI & MUELLER LTDA.','',NULL,NULL,NULL,NULL,'','','SÃO PAULO',NULL,NULL,NULL,NULL,NULL,NULL,NULL,NULL,NULL,NULL,NULL,NULL,NULL,NULL,NULL,NULL,NULL),(6,'GENCO','GENCO QUIMICA INDUSTRIAL LTDA','',NULL,NULL,NULL,NULL,'','','GUARULHOS',NULL,NULL,NULL,NULL,NULL,NULL,NULL,NULL,NULL,NULL,NULL,NULL,NULL,NULL,NULL,NULL,NULL),(7,'MADEIREIRA SANTA RITA DE ITU LTDA-EPP','MADEIREIRA SANTA RITA DE ITU LTDA-EPP','',NULL,NULL,NULL,NULL,'','','ITU',NULL,NULL,NULL,NULL,NULL,NULL,NULL,NULL,NULL,NULL,NULL,NULL,NULL,NULL,NULL,NULL,NULL),(8,'TIM','TIM CELULAR S/A','116049102113',NULL,NULL,NULL,NULL,'','','SÃO PAULO',NULL,NULL,NULL,NULL,NULL,NULL,NULL,NULL,NULL,NULL,NULL,NULL,NULL,NULL,NULL,NULL,NULL),(9,'AGUAS DE ITU','SERVIÇO AUTONOMO DE AGUA E ESGOTO DE ITU','',NULL,NULL,NULL,NULL,'','','ITU',NULL,NULL,NULL,NULL,NULL,NULL,NULL,NULL,NULL,NULL,NULL,NULL,NULL,NULL,NULL,NULL,NULL),(10,'OUTROS (DESP.GERAIS)','OUTROS (DESP.GERAIS)','',NULL,NULL,NULL,NULL,'','','ITU',NULL,NULL,NULL,NULL,NULL,NULL,NULL,NULL,NULL,NULL,NULL,NULL,NULL,NULL,NULL,NULL,NULL),(11,'COMETA COM. DE MATERIAIS NÃO FERROSOS LTDA - ME','COMETA COM. DE MATERIAIS NÃO FERROSOS LTDA - ME','',NULL,NULL,NULL,NULL,'','','ITU',NULL,NULL,NULL,NULL,NULL,NULL,NULL,NULL,NULL,NULL,NULL,NULL,NULL,NULL,NULL,NULL,NULL),(12,'BERTOLACINI','BERTOLACINI','',NULL,NULL,NULL,NULL,'','','ITU',NULL,NULL,NULL,NULL,NULL,NULL,NULL,NULL,NULL,NULL,NULL,NULL,NULL,NULL,NULL,NULL,NULL),(13,'CASAS BAHIA COMERCIAL LTA','CASAS BAHIA COMERCIAL LTA','387075784113',NULL,NULL,NULL,NULL,'','','ITU',NULL,NULL,NULL,NULL,NULL,NULL,NULL,NULL,NULL,NULL,NULL,NULL,NULL,NULL,NULL,NULL,NULL),(14,'AUTO POSTO CATARINENSE LTDA','AUTO POSTO CATARINENSE LTDA','',NULL,NULL,NULL,NULL,'','','ITU',NULL,NULL,NULL,NULL,NULL,NULL,NULL,NULL,NULL,NULL,NULL,NULL,NULL,NULL,NULL,NULL,NULL),(15,'MERCAO ELDORADO','MERCAO ELDORADO','',NULL,NULL,NULL,NULL,'','','ITU',NULL,NULL,NULL,NULL,NULL,NULL,NULL,NULL,NULL,NULL,NULL,NULL,NULL,NULL,NULL,NULL,NULL),(16,'JM GALVANOPLASTIA E POLIMENTOS IND. E COM. LTDA.','JM GALVANOPLASTIA E POLIMENTOS IND. E COM. LTDA.','',NULL,NULL,NULL,NULL,'','','ITU',NULL,NULL,NULL,NULL,NULL,NULL,NULL,NULL,NULL,NULL,NULL,NULL,NULL,NULL,NULL,NULL,NULL),(17,'CIA ITAULEASING ARREND. MERCANTIL','CIA ITAULEASING ARREND. MERCANTIL','',NULL,NULL,NULL,NULL,'','','ITU',NULL,NULL,NULL,NULL,NULL,NULL,NULL,NULL,NULL,NULL,NULL,NULL,NULL,NULL,NULL,NULL,NULL),(18,'MERCADO VILA ROMA LTDA','MERCADO VILA ROMA LTDA','',NULL,NULL,NULL,NULL,'','','ITU',NULL,NULL,NULL,NULL,NULL,NULL,NULL,NULL,NULL,NULL,NULL,NULL,NULL,NULL,NULL,NULL,NULL),(19,'PAINEIRA','AUTO POSTO PAINEIRA LTDA','387.001.140.111',NULL,NULL,NULL,NULL,'','','ITU',NULL,NULL,NULL,NULL,NULL,NULL,NULL,NULL,NULL,NULL,NULL,NULL,NULL,NULL,NULL,NULL,NULL),(20,'CONSTRUPISCINA','CONSTRUPISCINA','',NULL,NULL,NULL,NULL,'','','ITU',NULL,NULL,NULL,NULL,NULL,NULL,NULL,NULL,NULL,NULL,NULL,NULL,NULL,NULL,NULL,NULL,NULL),(21,'CPFL - CIA PIRATININGA DE FORÇA E LUZ','CPFL - CIA PIRATININGA DE FORÇA E LUZ','244.946.329.113',NULL,NULL,NULL,NULL,'','','CAMPINAS',NULL,NULL,NULL,NULL,NULL,NULL,NULL,NULL,NULL,NULL,NULL,NULL,NULL,NULL,NULL,NULL,NULL),(22,'PADOVANI','PADOVANI & PADOVANI LTDA','387.085.405.111',NULL,NULL,NULL,NULL,'','','ITU',NULL,NULL,NULL,NULL,NULL,NULL,NULL,NULL,NULL,NULL,NULL,NULL,NULL,NULL,NULL,NULL,NULL),(23,'HEITOR BENEDETTI','HEITOR BENEDETTI','',NULL,NULL,NULL,NULL,'','','ITU',NULL,NULL,NULL,NULL,NULL,NULL,NULL,NULL,NULL,NULL,NULL,NULL,NULL,NULL,NULL,NULL,NULL),(24,'JOSE ( SERRALHEIRO)','JOSE ( SERRALHEIRO)','',NULL,NULL,NULL,NULL,'','','ITU',NULL,NULL,NULL,NULL,NULL,NULL,NULL,NULL,NULL,NULL,NULL,NULL,NULL,NULL,NULL,NULL,NULL),(25,'ACTEC','ACETEC EQUIPAMENTOS E SERVIÇOS TÉCNICOS LTDA.','387.178.370.110',NULL,NULL,NULL,NULL,'','','ITU',NULL,NULL,NULL,NULL,NULL,NULL,NULL,NULL,NULL,NULL,NULL,NULL,NULL,NULL,NULL,NULL,NULL),(26,'GIGAHTZ COMÉRCIO DE MAT. ELETRÔNICOS LTDA.','GIGAHTZ COMÉRCIO DE MAT. ELETRÔNICOS LTDA.','387.071.821.115',NULL,NULL,NULL,NULL,'','','ITU',NULL,NULL,NULL,NULL,NULL,NULL,NULL,NULL,NULL,NULL,NULL,NULL,NULL,NULL,NULL,NULL,NULL),(27,'MECANICA TOKIO LTDA','MECANICA TOKIO LTDA','',NULL,NULL,NULL,NULL,'','','ITU',NULL,NULL,NULL,NULL,NULL,NULL,NULL,NULL,NULL,NULL,NULL,NULL,NULL,NULL,NULL,NULL,NULL),(28,'AMERICAN EXPRESS CARD','AMERICAN EXPRESS CARD','',NULL,NULL,NULL,NULL,'','','ITU',NULL,NULL,NULL,NULL,NULL,NULL,NULL,NULL,NULL,NULL,NULL,NULL,NULL,NULL,NULL,NULL,NULL),(29,'REPSOL- OPERADORA DE POSTOS DE SERVIÇOS LTDA.','REPSOL- OPERADORA DE POSTOS DE SERVIÇOS LTDA.','387092935110',NULL,NULL,NULL,NULL,'','','ITU',NULL,NULL,NULL,NULL,NULL,NULL,NULL,NULL,NULL,NULL,NULL,NULL,NULL,NULL,NULL,NULL,NULL),(30,'MADEIRAS GONZAGA','MADEIRAS GONZAGA','',NULL,NULL,NULL,NULL,'','','ITU',NULL,NULL,NULL,NULL,NULL,NULL,NULL,NULL,NULL,NULL,NULL,NULL,NULL,NULL,NULL,NULL,NULL),(31,'UNICARD VISA','UNICARD VISA','',NULL,NULL,NULL,NULL,'','','ITU',NULL,NULL,NULL,NULL,NULL,NULL,NULL,NULL,NULL,NULL,NULL,NULL,NULL,NULL,NULL,NULL,NULL),(32,'OFICINA 3','OFICINA 3','',NULL,NULL,NULL,NULL,'','','ITU',NULL,NULL,NULL,NULL,NULL,NULL,NULL,NULL,NULL,NULL,NULL,NULL,NULL,NULL,NULL,NULL,NULL),(33,'CHAMA AZUL','CHAMA AZUL FOGÕES','',NULL,NULL,NULL,NULL,'','','ITU',NULL,NULL,NULL,NULL,NULL,NULL,NULL,NULL,NULL,NULL,NULL,NULL,NULL,NULL,NULL,NULL,NULL),(34,'UNIBANCO UNIAO BANCO BRASILEIROS','UNIBANCO UNIAO BANCO BRASILEIROS','',NULL,NULL,NULL,NULL,'','','ITU',NULL,NULL,NULL,NULL,NULL,NULL,NULL,NULL,NULL,NULL,NULL,NULL,NULL,NULL,NULL,NULL,NULL),(35,'NEPIN','NEPIN ACESSÓRIOS  INDUSTRIAIS LTDA','110.153.032.114',NULL,NULL,NULL,NULL,'','','SÃO PAULO',NULL,NULL,NULL,NULL,NULL,NULL,NULL,NULL,NULL,NULL,NULL,NULL,NULL,NULL,NULL,NULL,NULL),(36,'ACQUAMAIS','NEVES & NEVES FILTROS SOLARES MARILIA LTDA - ME','438.194.599.114',NULL,NULL,NULL,NULL,'','','MARILIA',NULL,NULL,NULL,NULL,NULL,NULL,NULL,NULL,NULL,NULL,NULL,NULL,NULL,NULL,NULL,NULL,NULL),(37,'ELETRICA MARWAL','ELETRICA MARWAL','',NULL,NULL,NULL,NULL,'','','GUARULHOS',NULL,NULL,NULL,NULL,NULL,NULL,NULL,NULL,NULL,NULL,NULL,NULL,NULL,NULL,NULL,NULL,NULL),(38,'ETATRON D.S','ETATRON DO BRASIL EQUIP. PARA TRAT. AGUA LTDA','112.647.510.112',NULL,NULL,NULL,NULL,'','','SÃO PAULO',NULL,NULL,NULL,NULL,NULL,NULL,NULL,NULL,NULL,NULL,NULL,NULL,NULL,NULL,NULL,NULL,NULL),(39,'EVANGELISTA ALVES PINHEIRO','EVANGELISTA ALVES PINHEIRO','',NULL,NULL,NULL,NULL,'','','ITU',NULL,NULL,NULL,NULL,NULL,NULL,NULL,NULL,NULL,NULL,NULL,NULL,NULL,NULL,NULL,NULL,NULL),(40,'COBAMPI','COBAMPI','',NULL,NULL,NULL,NULL,'','','ITU',NULL,NULL,NULL,NULL,NULL,NULL,NULL,NULL,NULL,NULL,NULL,NULL,NULL,NULL,NULL,NULL,NULL),(41,'ECOCASA TECNOLOGIAS AMBIENTAIS','ECOCASA TECNOLOGIAS AMBIENTAIS','417.229.116.111',NULL,NULL,NULL,NULL,'','','LIMEIRA',NULL,NULL,NULL,NULL,NULL,NULL,NULL,NULL,NULL,NULL,NULL,NULL,NULL,NULL,NULL,NULL,NULL),(42,'GRUPO SUDOESTE LTDA','GRUPO SUDOESTE LTDA','',NULL,NULL,NULL,NULL,'','','ITU',NULL,NULL,NULL,NULL,NULL,NULL,NULL,NULL,NULL,NULL,NULL,NULL,NULL,NULL,NULL,NULL,NULL),(43,'VILA NOVA PNEUS ITU LOJA 2','VILA NOVA PNEUS ITU LOJA 2','',NULL,NULL,NULL,NULL,'','','ITU',NULL,NULL,NULL,NULL,NULL,NULL,NULL,NULL,NULL,NULL,NULL,NULL,NULL,NULL,NULL,NULL,NULL),(44,'CASA DAS BORRACHAS COAN','CASA DAS BORRACHAS COAN','',NULL,NULL,NULL,NULL,'','','ITU',NULL,NULL,NULL,NULL,NULL,NULL,NULL,NULL,NULL,NULL,NULL,NULL,NULL,NULL,NULL,NULL,NULL),(45,'CASA DOS PARAFUSOS LTDA','CASA DOS PARAFUSOS LTDA','',NULL,NULL,NULL,NULL,'','','ITU',NULL,NULL,NULL,NULL,NULL,NULL,NULL,NULL,NULL,NULL,NULL,NULL,NULL,NULL,NULL,NULL,NULL),(46,'EMPORIO AGROPECUARIO LTDA','EMPORIO AGROPECUARIO LTDA','',NULL,NULL,NULL,NULL,'','','ITU',NULL,NULL,NULL,NULL,NULL,NULL,NULL,NULL,NULL,NULL,NULL,NULL,NULL,NULL,NULL,NULL,NULL),(47,'ELETRO IRMAOS LTDA','ELETRO IRMAOS LTDA','',NULL,NULL,NULL,NULL,'','','ITU',NULL,NULL,NULL,NULL,NULL,NULL,NULL,NULL,NULL,NULL,NULL,NULL,NULL,NULL,NULL,NULL,NULL),(48,'SOLLAR SISTEMAS AQUECIMENTO','JOSE RICARDO LEME DO PRADO - ME','387.157.381.117',NULL,NULL,NULL,NULL,'','','ITU',NULL,NULL,NULL,NULL,NULL,NULL,NULL,NULL,NULL,NULL,NULL,NULL,NULL,NULL,NULL,NULL,NULL),(49,'BALE','BALE PECAS E EQUIPAMENTOS LTDA','387.035.791.118',NULL,NULL,NULL,NULL,'','','ITU',NULL,NULL,NULL,NULL,NULL,NULL,NULL,NULL,NULL,NULL,NULL,NULL,NULL,NULL,NULL,NULL,NULL),(50,'HIDRO SISTEMAS IRRIGAÇÃO AUTOMATIZADA','HIDRO SISTEMAS IRRIGAÇÃO AUTOMATIZADA','',NULL,NULL,NULL,NULL,'','','SÃO PAULO',NULL,NULL,NULL,NULL,NULL,NULL,NULL,NULL,NULL,NULL,NULL,NULL,NULL,NULL,NULL,NULL,NULL),(51,'CLAUDIO (OLIVER)','CLAUDIO (OLIVER)','',NULL,NULL,NULL,NULL,'','','ITU',NULL,NULL,NULL,NULL,NULL,NULL,NULL,NULL,NULL,NULL,NULL,NULL,NULL,NULL,NULL,NULL,NULL),(52,'SANTA RITA FERRAGENS','SANTA RITA FERRAGENS - SPINARDI CARVALHO & CIA LTD','',NULL,NULL,NULL,NULL,'','','ITU',NULL,NULL,NULL,NULL,NULL,NULL,NULL,NULL,NULL,NULL,NULL,NULL,NULL,NULL,NULL,NULL,NULL),(53,'MASSELA COMERCIO DE MATERIAS PARA CONSTRUCAO LTDA','MASSELA COMERCIO DE MATERIAS PARA CONSTRUCAO LTDA','',NULL,NULL,NULL,NULL,'','','ITU',NULL,NULL,NULL,NULL,NULL,NULL,NULL,NULL,NULL,NULL,NULL,NULL,NULL,NULL,NULL,NULL,NULL),(54,'HELIOTEK','HELIOTEK MAQUINAS E EQUIPAMENTOS LTDA','206.108.756.117',NULL,NULL,NULL,NULL,'','','SAO PAULO',NULL,NULL,NULL,NULL,NULL,NULL,NULL,NULL,NULL,NULL,NULL,NULL,NULL,NULL,NULL,NULL,NULL),(55,'TOTALINE','TOTALPEÇAS REFRIGERAÇÃO LTDA','669.543.852.117',NULL,NULL,NULL,NULL,'','','SOROCABA',NULL,NULL,NULL,NULL,NULL,NULL,NULL,NULL,NULL,NULL,NULL,NULL,NULL,NULL,NULL,NULL,NULL),(56,'BRASTEK','CELSO RODRIGUES SILVA SOROCABA','669.176.637.113',NULL,NULL,NULL,NULL,'','','SOROCABA',NULL,NULL,NULL,NULL,NULL,NULL,NULL,NULL,NULL,NULL,NULL,NULL,NULL,NULL,NULL,NULL,NULL),(57,'ITU LUZ','ITU LUZ COMERCIO DE MATERIAIS ELETRICOS LTDA','387.092.590.118',NULL,NULL,NULL,NULL,'','','ITU',NULL,NULL,NULL,NULL,NULL,NULL,NULL,NULL,NULL,NULL,NULL,NULL,NULL,NULL,NULL,NULL,NULL),(58,'EQUIPAGUA EQUIPAMENTOS PARA AGUA LTDA','EQUIPAGUA EQUIPAMENTOS PARA AGUA LTDA','',NULL,NULL,NULL,NULL,'','','SÃO PAULO',NULL,NULL,NULL,NULL,NULL,NULL,NULL,NULL,NULL,NULL,NULL,NULL,NULL,NULL,NULL,NULL,NULL),(59,'EQUIBRAS','EQUIBRÁS TMO AQUECEDORES','645.506.371.115',NULL,NULL,NULL,NULL,'','','SAO JOSE DOS CAMPOS',NULL,NULL,NULL,NULL,NULL,NULL,NULL,NULL,NULL,NULL,NULL,NULL,NULL,NULL,NULL,NULL,NULL),(60,'SPINARDI AUTO ELET.','AUTO ELETRICA SOM E ACESS. LTDA. ME','387.076.061.111',NULL,NULL,NULL,NULL,'','','ITU',NULL,NULL,NULL,NULL,NULL,NULL,NULL,NULL,NULL,NULL,NULL,NULL,NULL,NULL,NULL,NULL,NULL),(61,'INPACOM - SELOS MECÂNICO','INPACOM IND.PAULISTA DE COMPONENTES LTDA','',NULL,NULL,NULL,NULL,'','','SÃO PAULO',NULL,NULL,NULL,NULL,NULL,NULL,NULL,NULL,NULL,NULL,NULL,NULL,NULL,NULL,NULL,NULL,NULL),(62,'PIQUINI','PIQUINI COM. DE MAT. P/ CONSTRUÇÃO LTDA EPP','206.099.970.119',NULL,NULL,NULL,NULL,'','','BARUERI',NULL,NULL,NULL,NULL,NULL,NULL,NULL,NULL,NULL,NULL,NULL,NULL,NULL,NULL,NULL,NULL,NULL),(63,'HIDRACOM','FABIA CAROLINA AMORIM DE AZEVEDO - ME','387.090.019.114',NULL,NULL,NULL,NULL,'','','ITU',NULL,NULL,NULL,NULL,NULL,NULL,NULL,NULL,NULL,NULL,NULL,NULL,NULL,NULL,NULL,NULL,NULL),(64,'PAULO TIRA','RENATO TIRA','',NULL,NULL,NULL,NULL,'','','ITU',NULL,NULL,NULL,NULL,NULL,NULL,NULL,NULL,NULL,NULL,NULL,NULL,NULL,NULL,NULL,NULL,NULL),(65,'SPAS VERSATI','VERSATI COMERCIAL E INDUSTRIAL LTDA EPP','244.381.553.114',NULL,NULL,NULL,NULL,'','','CAMPINAS',NULL,NULL,NULL,NULL,NULL,NULL,NULL,NULL,NULL,NULL,NULL,NULL,NULL,NULL,NULL,NULL,NULL),(66,'DELTA VINIL','DELTA VINIL','',NULL,NULL,NULL,NULL,'','','ITU',NULL,NULL,NULL,NULL,NULL,NULL,NULL,NULL,NULL,NULL,NULL,NULL,NULL,NULL,NULL,NULL,NULL),(67,'INSTART','INSTART','',NULL,NULL,NULL,NULL,'','','ITU',NULL,NULL,NULL,NULL,NULL,NULL,NULL,NULL,NULL,NULL,NULL,NULL,NULL,NULL,NULL,NULL,NULL),(68,'ALFA DESIGN','ALFA DESIGN','',NULL,NULL,NULL,NULL,'','','SÃO JOÃO DEL REI',NULL,NULL,NULL,NULL,NULL,NULL,NULL,NULL,NULL,NULL,NULL,NULL,NULL,NULL,NULL,NULL,NULL),(69,'LIGHT TECH LTDA','LIGHT TECH LTDA','',NULL,NULL,NULL,NULL,'','','SÃO PAULO',NULL,NULL,NULL,NULL,NULL,NULL,NULL,NULL,NULL,NULL,NULL,NULL,NULL,NULL,NULL,NULL,NULL),(70,'MEIO AMBIENTE S/C LTDA','MEIO AMBIENTE S/C LTDA','',NULL,NULL,NULL,NULL,'','','SOROCABA',NULL,NULL,NULL,NULL,NULL,NULL,NULL,NULL,NULL,NULL,NULL,NULL,NULL,NULL,NULL,NULL,NULL),(71,'JELLY FISH','TOSI IND. E COMÉRCIO LTDA','233.076.842.111',NULL,NULL,NULL,NULL,'','','CABREUVA',NULL,NULL,NULL,NULL,NULL,NULL,NULL,NULL,NULL,NULL,NULL,NULL,NULL,NULL,NULL,NULL,NULL),(72,'FIORAMAQ','FIORAMAQ MOTORES E MANGUEIRAS LTDA','',NULL,NULL,NULL,NULL,'','','ITU',NULL,NULL,NULL,NULL,NULL,NULL,NULL,NULL,NULL,NULL,NULL,NULL,NULL,NULL,NULL,NULL,NULL),(73,'LORENZON','LORENZON MAQUINAS E FERRAMENTAS LTDA','387.028.698.110',NULL,NULL,NULL,NULL,'','','ITU',NULL,NULL,NULL,NULL,NULL,NULL,NULL,NULL,NULL,NULL,NULL,NULL,NULL,NULL,NULL,NULL,NULL),(74,'STAMPLAS ART. PLASTICOS LTDA','STAMPLAS ART. PLASTICOS LTDA','',NULL,NULL,NULL,NULL,'','','CAMPINAS',NULL,NULL,NULL,NULL,NULL,NULL,NULL,NULL,NULL,NULL,NULL,NULL,NULL,NULL,NULL,NULL,NULL),(75,'MACRO TINTAS','MACRO ITU TINTAS LTDA','387.044.267.110',NULL,NULL,NULL,NULL,'','','ITU',NULL,NULL,NULL,NULL,NULL,NULL,NULL,NULL,NULL,NULL,NULL,NULL,NULL,NULL,NULL,NULL,NULL),(76,'CASA DAS CORES DE ITU LTDA - EPP','CASA DAS CORES DE ITU LTDA - EPP','',NULL,NULL,NULL,NULL,'','','ITU',NULL,NULL,NULL,NULL,NULL,NULL,NULL,NULL,NULL,NULL,NULL,NULL,NULL,NULL,NULL,NULL,NULL),(77,'JOSE BRASILIO DE ARAUJO','JOSE BRASILIO DE ARAUJO','',NULL,NULL,NULL,NULL,'','','ITU',NULL,NULL,NULL,NULL,NULL,NULL,NULL,NULL,NULL,NULL,NULL,NULL,NULL,NULL,NULL,NULL,NULL),(78,'FINAMAX','FINAMAX S/A CREDITO FINAN. INVEST.','',NULL,NULL,NULL,NULL,'','','ITU',NULL,NULL,NULL,NULL,NULL,NULL,NULL,NULL,NULL,NULL,NULL,NULL,NULL,NULL,NULL,NULL,NULL),(79,'BOFF PORTÕES','BOFF PORTÕES E SEGURANÇA ELETRONICA','',NULL,NULL,NULL,NULL,'','','ITU',NULL,NULL,NULL,NULL,NULL,NULL,NULL,NULL,NULL,NULL,NULL,NULL,NULL,NULL,NULL,NULL,NULL),(80,'AQUAPLAS','STAMPLAS ART. PLASTICOS LTDA.','',NULL,NULL,NULL,NULL,'','','CAMPINAS',NULL,NULL,NULL,NULL,NULL,NULL,NULL,NULL,NULL,NULL,NULL,NULL,NULL,NULL,NULL,NULL,NULL),(81,'SMART','SMART','',NULL,NULL,NULL,NULL,'','','ITU',NULL,NULL,NULL,NULL,NULL,NULL,NULL,NULL,NULL,NULL,NULL,NULL,NULL,NULL,NULL,NULL,NULL),(82,'PIQUINI COM. DE MAT. P/ CONSTRUÇÃO','PIQUINI COM. DE MAT. P/ CONSTRUÇÃO','',NULL,NULL,NULL,NULL,'','','BARUERI',NULL,NULL,NULL,NULL,NULL,NULL,NULL,NULL,NULL,NULL,NULL,NULL,NULL,NULL,NULL,NULL,NULL),(83,'SACALET','EMPRESA RODOVIARIA SCALET LTDA','387.012.746.110',NULL,NULL,NULL,NULL,'','','ITU',NULL,NULL,NULL,NULL,NULL,NULL,NULL,NULL,NULL,NULL,NULL,NULL,NULL,NULL,NULL,NULL,NULL),(84,'AQUAPLAN','AQUAPLAN EQUIPAMENTOS HIDRAULICOS LTDA','387.064.036.116',NULL,NULL,NULL,NULL,'','','ITU',NULL,NULL,NULL,NULL,NULL,NULL,NULL,NULL,NULL,NULL,NULL,NULL,NULL,NULL,NULL,NULL,NULL),(85,'HIPERSON','HIPERSON - RONALDO MILANI & CIA LTDA.','',NULL,NULL,NULL,NULL,'','','ITU',NULL,NULL,NULL,NULL,NULL,NULL,NULL,NULL,NULL,NULL,NULL,NULL,NULL,NULL,NULL,NULL,NULL),(86,'POTENZA','HIDRÁULICA POTENZA','',NULL,NULL,NULL,NULL,'','','SAO PAULO',NULL,NULL,NULL,NULL,NULL,NULL,NULL,NULL,NULL,NULL,NULL,NULL,NULL,NULL,NULL,NULL,NULL),(87,'PJ INFORMATICA','PAULO ALEXANDRE CORTIJO-ME - PJ INFORMATICA','387.063.280.111',NULL,NULL,NULL,NULL,'','','ITU',NULL,NULL,NULL,NULL,NULL,NULL,NULL,NULL,NULL,NULL,NULL,NULL,NULL,NULL,NULL,NULL,NULL),(88,'ASN AQUECEDORES','AIRTON SOARES NASCIMENTO AQUECEDORES ME','233.084.854.118',NULL,NULL,NULL,NULL,'','','CABREUVA',NULL,NULL,NULL,NULL,NULL,NULL,NULL,NULL,NULL,NULL,NULL,NULL,NULL,NULL,NULL,NULL,NULL),(89,'GF IMPERMEABILIZAÇÕES','GF IMPERMEABILIZAÇÕES','',NULL,NULL,NULL,NULL,'','','ITU',NULL,NULL,NULL,NULL,NULL,NULL,NULL,NULL,NULL,NULL,NULL,NULL,NULL,NULL,NULL,NULL,NULL),(90,'ROMA PAPELARIA','ROMA PAPELARIA','',NULL,NULL,NULL,NULL,'','','ITU',NULL,NULL,NULL,NULL,NULL,NULL,NULL,NULL,NULL,NULL,NULL,NULL,NULL,NULL,NULL,NULL,NULL),(91,'DE MARCHI MAT. CONSTRUÇÃO','DE MARCHI MAT. CONSTRUÇÃO','',NULL,NULL,NULL,NULL,'','','BARUERI',NULL,NULL,NULL,NULL,NULL,NULL,NULL,NULL,NULL,NULL,NULL,NULL,NULL,NULL,NULL,NULL,NULL),(92,'RENOTRAN','RENOTRAN REMOÇÃO DE RESIDUOS LTDA','',NULL,NULL,NULL,NULL,'','','CARAPICUIDA',NULL,NULL,NULL,NULL,NULL,NULL,NULL,NULL,NULL,NULL,NULL,NULL,NULL,NULL,NULL,NULL,NULL),(93,'CLIMOAR','CLIMOAR REFRIG. COML. IMP. E SERVIÇOS LTDA','110.763.470.113',NULL,NULL,NULL,NULL,'','','SÃO PAULO',NULL,NULL,NULL,NULL,NULL,NULL,NULL,NULL,NULL,NULL,NULL,NULL,NULL,NULL,NULL,NULL,NULL),(94,'BELLS REFRIGERAÇÃO','LUIZ A. CAVACCHINI','',NULL,NULL,NULL,NULL,'','','ITU',NULL,NULL,NULL,NULL,NULL,NULL,NULL,NULL,NULL,NULL,NULL,NULL,NULL,NULL,NULL,NULL,NULL),(95,'IRMAOS GENARO','IRMÃOS DE GENARO LTDA','353.006.804.116',NULL,NULL,NULL,NULL,'','','INDAIATUBA',NULL,NULL,NULL,NULL,NULL,NULL,NULL,NULL,NULL,NULL,NULL,NULL,NULL,NULL,NULL,NULL,NULL),(96,'ANTONIO','ANTONIO LAU','',NULL,NULL,NULL,NULL,'','','ITU',NULL,NULL,NULL,NULL,NULL,NULL,NULL,NULL,NULL,NULL,NULL,NULL,NULL,NULL,NULL,NULL,NULL),(97,'PREFEITURA MUNICIPAL EST. TURISTICA ITU','PREFEITURA MUNICIPAL EST. TURISTICA ITU','',NULL,NULL,NULL,NULL,'','','ITU',NULL,NULL,NULL,NULL,NULL,NULL,NULL,NULL,NULL,NULL,NULL,NULL,NULL,NULL,NULL,NULL,NULL),(98,'CHAVEIRO CARLAO','BENEDITO CARLOS CHICOLLI - ME','',NULL,NULL,NULL,NULL,'','','ITU',NULL,NULL,NULL,NULL,NULL,NULL,NULL,NULL,NULL,NULL,NULL,NULL,NULL,NULL,NULL,NULL,NULL),(99,'CORREIO','ECT - EMP. BRAS. DE CORREIOS E TELEGRAFOS','20926334411O',NULL,NULL,NULL,NULL,'','','ITU',NULL,NULL,NULL,NULL,NULL,NULL,NULL,NULL,NULL,NULL,NULL,NULL,NULL,NULL,NULL,NULL,NULL),(100,'OXIGENIO','AMANCIO ORESTES DA CRUZ SALTO - ME','600.050.030.111',NULL,NULL,NULL,NULL,'','','SALTO',NULL,NULL,NULL,NULL,NULL,NULL,NULL,NULL,NULL,NULL,NULL,NULL,NULL,NULL,NULL,NULL,NULL),(101,'CEAVIL','CEAVIL COMERCIAL ELETRICA ALPHAVILLE LTDA','206.051.452.110',NULL,NULL,NULL,NULL,'','','SÃO PAULO',NULL,NULL,NULL,NULL,NULL,NULL,NULL,NULL,NULL,NULL,NULL,NULL,NULL,NULL,NULL,NULL,NULL),(102,'TERRA FIRME SERVICOS AUTOMOTIVOS LTDA.','TERRA FIRME SERVICOS AUTOMOTIVOS LTDA.','387166896118',NULL,NULL,NULL,NULL,'','','ITU',NULL,NULL,NULL,NULL,NULL,NULL,NULL,NULL,NULL,NULL,NULL,NULL,NULL,NULL,NULL,NULL,NULL),(103,'SAO LUCAS PISOS E REVESTIMENTOS','SAO LUCAS PISOS E REVESTIMENTOS','',NULL,NULL,NULL,NULL,'','','ITU',NULL,NULL,NULL,NULL,NULL,NULL,NULL,NULL,NULL,NULL,NULL,NULL,NULL,NULL,NULL,NULL,NULL),(104,'ELETROAZUL','ELETROAZUL','',NULL,NULL,NULL,NULL,'','','ITU',NULL,NULL,NULL,NULL,NULL,NULL,NULL,NULL,NULL,NULL,NULL,NULL,NULL,NULL,NULL,NULL,NULL),(105,'CASA SAO JOSE','CASA SAO JOSE','',NULL,NULL,NULL,NULL,'','','ITU',NULL,NULL,NULL,NULL,NULL,NULL,NULL,NULL,NULL,NULL,NULL,NULL,NULL,NULL,NULL,NULL,NULL),(106,'LIVRARIA E PAPELARIA REAL','PAPELARIA SÃO JOSÉ DE ITU LTDA - ME','387034865118',NULL,NULL,NULL,NULL,'','','ITU',NULL,NULL,NULL,NULL,NULL,NULL,NULL,NULL,NULL,NULL,NULL,NULL,NULL,NULL,NULL,NULL,NULL),(107,'L.C AREIAS','LOPES & COMIN AREIAS ESPECIAIS LTDA','',NULL,NULL,NULL,NULL,'','','SANTA CRUZ DA CONCEICAO',NULL,NULL,NULL,NULL,NULL,NULL,NULL,NULL,NULL,NULL,NULL,NULL,NULL,NULL,NULL,NULL,NULL),(108,'ELETRO GRILLO LTDA ME','ELETRO GRILLO LTDA ME','',NULL,NULL,NULL,NULL,'','','ITU',NULL,NULL,NULL,NULL,NULL,NULL,NULL,NULL,NULL,NULL,NULL,NULL,NULL,NULL,NULL,NULL,NULL),(109,'REAL','BANCO REAL','',NULL,NULL,NULL,NULL,'','','ITU',NULL,NULL,NULL,NULL,NULL,NULL,NULL,NULL,NULL,NULL,NULL,NULL,NULL,NULL,NULL,NULL,NULL),(110,'MADEIRÃO','MADEIRÃO','',NULL,NULL,NULL,NULL,'','','ITU',NULL,NULL,NULL,NULL,NULL,NULL,NULL,NULL,NULL,NULL,NULL,NULL,NULL,NULL,NULL,NULL,NULL),(111,'PARAISO MATERIAS PARA CONSTRUCAO LTDA','PARAISO MATERIAS PARA CONSTRUCAO LTDA','',NULL,NULL,NULL,NULL,'','','ITU',NULL,NULL,NULL,NULL,NULL,NULL,NULL,NULL,NULL,NULL,NULL,NULL,NULL,NULL,NULL,NULL,NULL),(112,'PANAZON','PANOZON AMBIENTAL','',NULL,NULL,NULL,NULL,'','','PIRACICABA',NULL,NULL,NULL,NULL,NULL,NULL,NULL,NULL,NULL,NULL,NULL,NULL,NULL,NULL,NULL,NULL,NULL),(113,'EXTRA','COMPANHIA BRASILEIRA DE DISTRIBUIÇÃO','387.084.729.115',NULL,NULL,NULL,NULL,'','','ITU',NULL,NULL,NULL,NULL,NULL,NULL,NULL,NULL,NULL,NULL,NULL,NULL,NULL,NULL,NULL,NULL,NULL),(114,'FASA FIBRA OTICA','FASA IND. COM. IMPORTAÇÃO LTDA','524.017.158.118',NULL,NULL,NULL,NULL,'','','PERUIBE',NULL,NULL,NULL,NULL,NULL,NULL,NULL,NULL,NULL,NULL,NULL,NULL,NULL,NULL,NULL,NULL,NULL),(115,'NOVA HIDRO','NOVA HIDRO ASSIST.TÉCNICA AUTORIZADA','',NULL,NULL,NULL,NULL,'','','SAO PAULO',NULL,NULL,NULL,NULL,NULL,NULL,NULL,NULL,NULL,NULL,NULL,NULL,NULL,NULL,NULL,NULL,NULL),(116,'LIDER PISCINAS','JACINTA SOARES NOGUEIRA - ME','116.101.717.117',NULL,NULL,NULL,NULL,'','','SAO PAULO',NULL,NULL,NULL,NULL,NULL,NULL,NULL,NULL,NULL,NULL,NULL,NULL,NULL,NULL,NULL,NULL,NULL),(117,'FERRARETTO - CASA DE ACESSÓRIOS P/ SERRALHERIA','FERRARETTO - CASA DE ACESSÓRIOS P/ SERRALHERIA','',NULL,NULL,NULL,NULL,'','','ITU',NULL,NULL,NULL,NULL,NULL,NULL,NULL,NULL,NULL,NULL,NULL,NULL,NULL,NULL,NULL,NULL,NULL),(118,'TELECOMUNICACOES DE SAO PAULO S.A - TELESP','TELECOMUNICACOES DE SAO PAULO S.A - TELESP','108.383.949.112',NULL,NULL,NULL,NULL,'','','SAO PAULO',NULL,NULL,NULL,NULL,NULL,NULL,NULL,NULL,NULL,NULL,NULL,NULL,NULL,NULL,NULL,NULL,NULL),(119,'CODARIN','DEPOSITO MAT. PARA CONST. CODARIN LTDA','',NULL,NULL,NULL,NULL,'','','ITUPEVA',NULL,NULL,NULL,NULL,NULL,NULL,NULL,NULL,NULL,NULL,NULL,NULL,NULL,NULL,NULL,NULL,NULL),(120,'AGUAS DE ITU EXPLORACAO DE SERV. DE AGUA E ESGOTO','AGUAS DE ITU EXPLORACAO DE SERV. DE AGUA E ESGOTO','',NULL,NULL,NULL,NULL,'','','ITU',NULL,NULL,NULL,NULL,NULL,NULL,NULL,NULL,NULL,NULL,NULL,NULL,NULL,NULL,NULL,NULL,NULL),(121,'ELDA RADIADORES','CLAUDIO DALDON & CIA LTDA','',NULL,NULL,NULL,NULL,'','','ITU',NULL,NULL,NULL,NULL,NULL,NULL,NULL,NULL,NULL,NULL,NULL,NULL,NULL,NULL,NULL,NULL,NULL),(122,'SO BASICO MATERIAIS PARA CONSTRUCAO','SO BASICO MATERIAIS PARA CONSTRUCAO','',NULL,NULL,NULL,NULL,'','','ITATIBA',NULL,NULL,NULL,NULL,NULL,NULL,NULL,NULL,NULL,NULL,NULL,NULL,NULL,NULL,NULL,NULL,NULL),(123,'RIOS TERRAPLENAGEM','HELIO RIOS & CIA. LTDA.','',NULL,NULL,NULL,NULL,'','','ITU',NULL,NULL,NULL,NULL,NULL,NULL,NULL,NULL,NULL,NULL,NULL,NULL,NULL,NULL,NULL,NULL,NULL),(124,'GOVERNO DO ESTADO DE SAO PAULO','GOVERNO DO ESTADO DE SAO PAULO','',NULL,NULL,NULL,NULL,'','','SAO PAULO',NULL,NULL,NULL,NULL,NULL,NULL,NULL,NULL,NULL,NULL,NULL,NULL,NULL,NULL,NULL,NULL,NULL),(125,'MIL MAQUINAS','GONÇALES & CIA LTDA  ME','387.166.098.11',NULL,NULL,NULL,NULL,'','','ITU',NULL,NULL,NULL,NULL,NULL,NULL,NULL,NULL,NULL,NULL,NULL,NULL,NULL,NULL,NULL,NULL,NULL),(126,'AQUALUX','STA SISTEMAS TRATAMENTO DE AGUA LTDA','',NULL,NULL,NULL,NULL,'','','SAO PAULO',NULL,NULL,NULL,NULL,NULL,NULL,NULL,NULL,NULL,NULL,NULL,NULL,NULL,NULL,NULL,NULL,NULL),(127,'MARCIO - TERRAPLENAGEM','MARCIO - TERRAPLENAGEM','',NULL,NULL,NULL,NULL,'','','ITU',NULL,NULL,NULL,NULL,NULL,NULL,NULL,NULL,NULL,NULL,NULL,NULL,NULL,NULL,NULL,NULL,NULL),(128,'RAMIREZ ASSISTENCIA CONTABIL','JOAO DE DEUS RAMIREZ JUNIOR','',NULL,NULL,NULL,NULL,'','','ITU',NULL,NULL,NULL,NULL,NULL,NULL,NULL,NULL,NULL,NULL,NULL,NULL,NULL,NULL,NULL,NULL,NULL),(129,'BUZZO MAT. CONSTRUÇÃO','B M C COM MAT P/ CONSTRUÇÃO LTDA EPP','',NULL,NULL,NULL,NULL,'','','ITU',NULL,NULL,NULL,NULL,NULL,NULL,NULL,NULL,NULL,NULL,NULL,NULL,NULL,NULL,NULL,NULL,NULL),(130,'A  A FECHAMENTO GERAL','A  A FECHAMENTO GERAL','',NULL,NULL,NULL,NULL,'','','ITU',NULL,NULL,NULL,NULL,NULL,NULL,NULL,NULL,NULL,NULL,NULL,NULL,NULL,NULL,NULL,NULL,NULL),(131,'IBBL','INDUSTRIA BRASILEIRA DE BEBEDOUROS LTDA.','387.040.475.112',NULL,NULL,NULL,NULL,'','','ITU',NULL,NULL,NULL,NULL,NULL,NULL,NULL,NULL,NULL,NULL,NULL,NULL,NULL,NULL,NULL,NULL,NULL),(132,'AQUAPOOL','GERLANDIO DANTAS DA SILVA - ME','387.168.505.110',NULL,NULL,NULL,NULL,'','','ITU',NULL,NULL,NULL,NULL,NULL,NULL,NULL,NULL,NULL,NULL,NULL,NULL,NULL,NULL,NULL,NULL,NULL),(133,'GILMAR','GILMAR','',NULL,NULL,NULL,NULL,'','','ITU',NULL,NULL,NULL,NULL,NULL,NULL,NULL,NULL,NULL,NULL,NULL,NULL,NULL,NULL,NULL,NULL,NULL),(134,'REINALDO (JACUZZI)','REINALDO (JACUZZI)','',NULL,NULL,NULL,NULL,'','','ITU',NULL,NULL,NULL,NULL,NULL,NULL,NULL,NULL,NULL,NULL,NULL,NULL,NULL,NULL,NULL,NULL,NULL),(135,'AUTO MECÂNICA SANTA TEREZINHA','ANTONIO SERGIO GUARNIERI','',NULL,NULL,NULL,NULL,'','','ITU',NULL,NULL,NULL,NULL,NULL,NULL,NULL,NULL,NULL,NULL,NULL,NULL,NULL,NULL,NULL,NULL,NULL),(136,'MARMUS MARMORES E GRANITOS','MARMUS MARMORES E GRANITOS','',NULL,NULL,NULL,NULL,'','','ITU',NULL,NULL,NULL,NULL,NULL,NULL,NULL,NULL,NULL,NULL,NULL,NULL,NULL,NULL,NULL,NULL,NULL),(137,'IVAIPORA','OFICINA DE TORNO IVAIPORA','',NULL,NULL,NULL,NULL,'','','ITU',NULL,NULL,NULL,NULL,NULL,NULL,NULL,NULL,NULL,NULL,NULL,NULL,NULL,NULL,NULL,NULL,NULL),(138,'REICHENBACH','REICHENBACH INSTRUMENTOS E FIBRA OTICA LTDA','110.909.847.118',NULL,NULL,NULL,NULL,'','','SAO PAULO',NULL,NULL,NULL,NULL,NULL,NULL,NULL,NULL,NULL,NULL,NULL,NULL,NULL,NULL,NULL,NULL,NULL),(139,'MINISTERIO DA PREV. ASS. SOCIAL - INSS','MINISTERIO DA PREV. ASS. SOCIAL - INSS','',NULL,NULL,NULL,NULL,'','','ITU',NULL,NULL,NULL,NULL,NULL,NULL,NULL,NULL,NULL,NULL,NULL,NULL,NULL,NULL,NULL,NULL,NULL),(140,'SUPERMERCADO ALVORADA','COMERCIAL DE ALIMENTOS ARRUDA CAMPOS DE ITU LTDA.','387.020.758.116',NULL,NULL,NULL,NULL,'','','ITU',NULL,NULL,NULL,NULL,NULL,NULL,NULL,NULL,NULL,NULL,NULL,NULL,NULL,NULL,NULL,NULL,NULL),(141,'PROJECOPY & CIA','PROJECOPY & CIA','',NULL,NULL,NULL,NULL,'','','ITU',NULL,NULL,NULL,NULL,NULL,NULL,NULL,NULL,NULL,NULL,NULL,NULL,NULL,NULL,NULL,NULL,NULL),(142,'POSTO AVENIDA MARGINAL ITU LTDA','POSTO AVENIDA MARGINAL ITU LTDA','387.092.944.111',NULL,NULL,NULL,NULL,'','','ITU',NULL,NULL,NULL,NULL,NULL,NULL,NULL,NULL,NULL,NULL,NULL,NULL,NULL,NULL,NULL,NULL,NULL),(143,'GRAFICA GAVIOLI','GRAFICA GAVIOLI LTDA','387.002.156.114',NULL,NULL,NULL,NULL,'','','ITU',NULL,NULL,NULL,NULL,NULL,NULL,NULL,NULL,NULL,NULL,NULL,NULL,NULL,NULL,NULL,NULL,NULL),(144,'LIVRARIA E PAPELARIA REAL','LIVRARIA E PAPELARIA REAL','',NULL,NULL,NULL,NULL,'','','ITU',NULL,NULL,NULL,NULL,NULL,NULL,NULL,NULL,NULL,NULL,NULL,NULL,NULL,NULL,NULL,NULL,NULL),(145,'EPEX','EPEX LTDA','578.202604.0072',NULL,NULL,NULL,NULL,'','','SANTA LUZIA',NULL,NULL,NULL,NULL,NULL,NULL,NULL,NULL,NULL,NULL,NULL,NULL,NULL,NULL,NULL,NULL,NULL),(146,'HIDROALL','HIDROALL DO BRASIL LTDA','708.190.310.111',NULL,NULL,NULL,NULL,'','','VALINHOS',NULL,NULL,NULL,NULL,NULL,NULL,NULL,NULL,NULL,NULL,NULL,NULL,NULL,NULL,NULL,NULL,NULL),(147,'MUNDO D AGUA','JOSE FRANCISCO ITU - ME','',NULL,NULL,NULL,NULL,'','','ITU',NULL,NULL,NULL,NULL,NULL,NULL,NULL,NULL,NULL,NULL,NULL,NULL,NULL,NULL,NULL,NULL,NULL),(148,'DG PUBLICIDADE','DG PUBLICIDADE','',NULL,NULL,NULL,NULL,'','','ITU',NULL,NULL,NULL,NULL,NULL,NULL,NULL,NULL,NULL,NULL,NULL,NULL,NULL,NULL,NULL,NULL,NULL),(149,'ONDA D`AGUA ACESSORIOS PARA PISCINAS','ONDA D`AGUA ACESSORIOS PARA PISCINAS','',NULL,NULL,NULL,NULL,'','','TRES COROAS',NULL,NULL,NULL,NULL,NULL,NULL,NULL,NULL,NULL,NULL,NULL,NULL,NULL,NULL,NULL,NULL,NULL),(150,'VEREDA','VEREDA IND. E COM. DE PRODUTOS P/ LIMPEZA LTDA ME','244.400.975.116',NULL,NULL,NULL,NULL,'','','CAMPINAS',NULL,NULL,NULL,NULL,NULL,NULL,NULL,NULL,NULL,NULL,NULL,NULL,NULL,NULL,NULL,NULL,NULL),(151,'MINISTERIO DA FAZENDA','MINISTERIO DA FAZENDA','',NULL,NULL,NULL,NULL,'','','ITU',NULL,NULL,NULL,NULL,NULL,NULL,NULL,NULL,NULL,NULL,NULL,NULL,NULL,NULL,NULL,NULL,NULL),(152,'EPIL','EPIL EDITORA PESQUISA E INDUSTRIA LTDA','',NULL,NULL,NULL,NULL,'','','SÃO PAULO',NULL,NULL,NULL,NULL,NULL,NULL,NULL,NULL,NULL,NULL,NULL,NULL,NULL,NULL,NULL,NULL,NULL),(153,'ITUSEG','ITUSEG SEGURANÇA ELETRONICA','',NULL,NULL,NULL,NULL,'','','ITU',NULL,NULL,NULL,NULL,NULL,NULL,NULL,NULL,NULL,NULL,NULL,NULL,NULL,NULL,NULL,NULL,NULL),(154,'CRIS AGUA','CRIS AGUA','',NULL,NULL,NULL,NULL,'','','ATIBAIA',NULL,NULL,NULL,NULL,NULL,NULL,NULL,NULL,NULL,NULL,NULL,NULL,NULL,NULL,NULL,NULL,NULL),(155,'MEKA','MEKA INDUSTRIA DE EQUIPAMENTOS LTDA','353.064.423.110',NULL,NULL,NULL,NULL,'','','INDAIATUBA',NULL,NULL,NULL,NULL,NULL,NULL,NULL,NULL,NULL,NULL,NULL,NULL,NULL,NULL,NULL,NULL,NULL),(156,'ASSOCIACAO COMERCIAL E INDUSTRIAL DE ITU','ASSOCIACAO COMERCIAL E INDUSTRIAL DE ITU','',NULL,NULL,NULL,NULL,'','','ITU',NULL,NULL,NULL,NULL,NULL,NULL,NULL,NULL,NULL,NULL,NULL,NULL,NULL,NULL,NULL,NULL,NULL),(157,'UOL','UOL','',NULL,NULL,NULL,NULL,'','','ITU',NULL,NULL,NULL,NULL,NULL,NULL,NULL,NULL,NULL,NULL,NULL,NULL,NULL,NULL,NULL,NULL,NULL),(158,'DROGARIA SAO LUIZ','DROGARIA DIAS OLIVEIRA LTDA','387.089.342',NULL,NULL,NULL,NULL,'','','ITU',NULL,NULL,NULL,NULL,NULL,NULL,NULL,NULL,NULL,NULL,NULL,NULL,NULL,NULL,NULL,NULL,NULL),(159,'EXPRESSO JUNDIAI','EXPRESSO JUNDIAI SAO PAULO LTDA','407.019.322.117',NULL,NULL,NULL,NULL,'','','JUNDIAI',NULL,NULL,NULL,NULL,NULL,NULL,NULL,NULL,NULL,NULL,NULL,NULL,NULL,NULL,NULL,NULL,NULL),(160,'CAIXA ECONOMICA FEDERAL','CAIXA ECONOMICA FEDERAL','',NULL,NULL,NULL,NULL,'','','ITU',NULL,NULL,NULL,NULL,NULL,NULL,NULL,NULL,NULL,NULL,NULL,NULL,NULL,NULL,NULL,NULL,NULL),(161,'SIND. TRAB. IND. CONSTR. CIV. MOB. CER. ITU','SIND. TRAB. IND. CONSTR. CIV. MOB. CER. ITU','',NULL,NULL,NULL,NULL,'','','ITU',NULL,NULL,NULL,NULL,NULL,NULL,NULL,NULL,NULL,NULL,NULL,NULL,NULL,NULL,NULL,NULL,NULL),(162,'LN´ARTS','LAERCIO NASCIMENTO','',NULL,NULL,NULL,NULL,'','','MONTE MOR',NULL,NULL,NULL,NULL,NULL,NULL,NULL,NULL,NULL,NULL,NULL,NULL,NULL,NULL,NULL,NULL,NULL),(163,'BELLS REFRIGERAÇÃO LUIS','BELLS REFRIGERAÇÃO LUIS','',NULL,NULL,NULL,NULL,'','','ITU',NULL,NULL,NULL,NULL,NULL,NULL,NULL,NULL,NULL,NULL,NULL,NULL,NULL,NULL,NULL,NULL,NULL),(164,'SINCOMERCIO SIND. DO COMERCIO VAREJISTA','SINCOMERCIO SIND. DO COMERCIO VAREJISTA','',NULL,NULL,NULL,NULL,'','','ITU',NULL,NULL,NULL,NULL,NULL,NULL,NULL,NULL,NULL,NULL,NULL,NULL,NULL,NULL,NULL,NULL,NULL),(165,'JOAO FERREIRA','JOAO FERREIRA','',NULL,NULL,NULL,NULL,'','','SAO PAULO',NULL,NULL,NULL,NULL,NULL,NULL,NULL,NULL,NULL,NULL,NULL,NULL,NULL,NULL,NULL,NULL,NULL),(166,'MECANICA ITUANA','AUTO MECANICA ITUANA','',NULL,NULL,NULL,NULL,'','','ITU',NULL,NULL,NULL,NULL,NULL,NULL,NULL,NULL,NULL,NULL,NULL,NULL,NULL,NULL,NULL,NULL,NULL),(167,'AWR','AWR EDITORA COM PUBL E PREST SERVIÇOS LTDA','',NULL,NULL,NULL,NULL,'','','INDAIATUBA',NULL,NULL,NULL,NULL,NULL,NULL,NULL,NULL,NULL,NULL,NULL,NULL,NULL,NULL,NULL,NULL,NULL),(168,'PALONE','PALONE COMERCIO DE TINTAS LTDA EPP','',NULL,NULL,NULL,NULL,'','','ITU',NULL,NULL,NULL,NULL,NULL,NULL,NULL,NULL,NULL,NULL,NULL,NULL,NULL,NULL,NULL,NULL,NULL),(169,'MUNDO D AGUA','MUNDO D AGUA','',NULL,NULL,NULL,NULL,'','','ITU',NULL,NULL,NULL,NULL,NULL,NULL,NULL,NULL,NULL,NULL,NULL,NULL,NULL,NULL,NULL,NULL,NULL),(170,'CASA DO ENCANADOR','CASA DO ENCANADOR','',NULL,NULL,NULL,NULL,'','','SALTO',NULL,NULL,NULL,NULL,NULL,NULL,NULL,NULL,NULL,NULL,NULL,NULL,NULL,NULL,NULL,NULL,NULL),(171,'FORTLEV','FORTLEV IND.','',NULL,NULL,NULL,NULL,'','','CAJAMAR',NULL,NULL,NULL,NULL,NULL,NULL,NULL,NULL,NULL,NULL,NULL,NULL,NULL,NULL,NULL,NULL,NULL),(172,'WALDIR','WALDIR','',NULL,NULL,NULL,NULL,'','','ITU',NULL,NULL,NULL,NULL,NULL,NULL,NULL,NULL,NULL,NULL,NULL,NULL,NULL,NULL,NULL,NULL,NULL),(173,'JOSE MAVEL','JOSE MAVEL','',NULL,NULL,NULL,NULL,'','','ITU',NULL,NULL,NULL,NULL,NULL,NULL,NULL,NULL,NULL,NULL,NULL,NULL,NULL,NULL,NULL,NULL,NULL),(174,'MARK GRUNDFOS LTDA','MARK GRUNDFOS LTDA','',NULL,NULL,NULL,NULL,'','','SAO BERNARDO DO CAMPO',NULL,NULL,NULL,NULL,NULL,NULL,NULL,NULL,NULL,NULL,NULL,NULL,NULL,NULL,NULL,NULL,NULL),(175,'SERGIO CRUZ','SERGIO FRANCISCO DA CRUZ','',NULL,NULL,NULL,NULL,'','','ITU',NULL,NULL,NULL,NULL,NULL,NULL,NULL,NULL,NULL,NULL,NULL,NULL,NULL,NULL,NULL,NULL,NULL),(176,'FACTORWAY','FACTOR WAY FOMENTO MERCANTIL LTDA','ISENTO',NULL,NULL,NULL,NULL,'','','ITU',NULL,NULL,NULL,NULL,NULL,NULL,NULL,NULL,NULL,NULL,NULL,NULL,NULL,NULL,NULL,NULL,NULL),(177,'POSTO SOLAR TERRAS','AUTO POSTO SOLAR DAS TERRAS LTDA','387.190.556.117',NULL,NULL,NULL,NULL,'','','ITU',NULL,NULL,NULL,NULL,NULL,NULL,NULL,NULL,NULL,NULL,NULL,NULL,NULL,NULL,NULL,NULL,NULL),(178,'MARISOM','AUTO ELETRICA MARISOM E ACESSORIOS','',NULL,NULL,NULL,NULL,'','','ITU',NULL,NULL,NULL,NULL,NULL,NULL,NULL,NULL,NULL,NULL,NULL,NULL,NULL,NULL,NULL,NULL,NULL),(179,'CIRURGICA EXPRESS','CIRURGICA EXPRESS LTDA','062130870.00-40',NULL,NULL,NULL,NULL,'','','BELO HORIZONTE',NULL,NULL,NULL,NULL,NULL,NULL,NULL,NULL,NULL,NULL,NULL,NULL,NULL,NULL,NULL,NULL,NULL),(180,'FORT CALHAS','FORT CALHAS','',NULL,NULL,NULL,NULL,'','','ITU',NULL,NULL,NULL,NULL,NULL,NULL,NULL,NULL,NULL,NULL,NULL,NULL,NULL,NULL,NULL,NULL,NULL),(181,'PREFEITURA DA CIDADE DE SAO PAULO - SECRET. TRANSP','PREFEITURA DA CIDADE DE SAO PAULO - SECRET. TRANSP','',NULL,NULL,NULL,NULL,'','','SAO PAULO',NULL,NULL,NULL,NULL,NULL,NULL,NULL,NULL,NULL,NULL,NULL,NULL,NULL,NULL,NULL,NULL,NULL),(182,'RIVAX','RIVAX DIAG IND COM IMP E EXP PROD LAB LTDA.','90361666-03',NULL,NULL,NULL,NULL,'','','PONTA GROSSA',NULL,NULL,NULL,NULL,NULL,NULL,NULL,NULL,NULL,NULL,NULL,NULL,NULL,NULL,NULL,NULL,NULL),(183,'JDB','JDB TERRAPLENAGEM E CONSTRUCAO LTDA - ME','ISENTA',NULL,NULL,NULL,NULL,'','','ITU',NULL,NULL,NULL,NULL,NULL,NULL,NULL,NULL,NULL,NULL,NULL,NULL,NULL,NULL,NULL,NULL,NULL),(184,'IZUMY TECNOLOGIA LTDA','IZUMY TECNOLOGIA LTDA','',NULL,NULL,NULL,NULL,'','','SAO JOSE DOS CAMPOS',NULL,NULL,NULL,NULL,NULL,NULL,NULL,NULL,NULL,NULL,NULL,NULL,NULL,NULL,NULL,NULL,NULL),(185,'CARLINHOS ( J )','CARLINHOS ( J )','',NULL,NULL,NULL,NULL,'','','ITU',NULL,NULL,NULL,NULL,NULL,NULL,NULL,NULL,NULL,NULL,NULL,NULL,NULL,NULL,NULL,NULL,NULL),(186,'ZENITEL','ZENITEL COM FERRAG E FERRAMENTAS LTDA','',NULL,NULL,NULL,NULL,'','','ITU',NULL,NULL,NULL,NULL,NULL,NULL,NULL,NULL,NULL,NULL,NULL,NULL,NULL,NULL,NULL,NULL,NULL),(187,'SC EQUIPAMENTOS E SERVIÇOS','SC EQUIPAMENTOS E SERVIÇOS','',NULL,NULL,NULL,NULL,'','','ITU',NULL,NULL,NULL,NULL,NULL,NULL,NULL,NULL,NULL,NULL,NULL,NULL,NULL,NULL,NULL,NULL,NULL),(188,'ART METAL','A C SBRISSA & CIA LTDA','',NULL,NULL,NULL,NULL,'','','ITU',NULL,NULL,NULL,NULL,NULL,NULL,NULL,NULL,NULL,NULL,NULL,NULL,NULL,NULL,NULL,NULL,NULL),(189,'SERRALHERIA SANTA CLARA DE ITU LTDA EPP','SERRALHERIA SANTA CLARA DE ITU LTDA EPP','',NULL,NULL,NULL,NULL,'','','ITU',NULL,NULL,NULL,NULL,NULL,NULL,NULL,NULL,NULL,NULL,NULL,NULL,NULL,NULL,NULL,NULL,NULL),(190,'JR','JR POLIMENTOS','',NULL,NULL,NULL,NULL,'','','ITU',NULL,NULL,NULL,NULL,NULL,NULL,NULL,NULL,NULL,NULL,NULL,NULL,NULL,NULL,NULL,NULL,NULL),(191,'ULTRASEAL','ULTRASEAL DO BRASIL LTDA ME','636.269.219.117',NULL,NULL,NULL,NULL,'','','SAO CAETANO DO SUL',NULL,NULL,NULL,NULL,NULL,NULL,NULL,NULL,NULL,NULL,NULL,NULL,NULL,NULL,NULL,NULL,NULL),(192,'SOLO FIRME','SOLO FIRME','',NULL,NULL,NULL,NULL,'','','INDAIATUBA',NULL,NULL,NULL,NULL,NULL,NULL,NULL,NULL,NULL,NULL,NULL,NULL,NULL,NULL,NULL,NULL,NULL),(193,'TERRAPLANAGEM BRANDO','TERRAPLANAGEM BRANDO','',NULL,NULL,NULL,NULL,'','','ITU',NULL,NULL,NULL,NULL,NULL,NULL,NULL,NULL,NULL,NULL,NULL,NULL,NULL,NULL,NULL,NULL,NULL),(194,'VIACAO ITU LTDA','VIACAO ITU LTDA','',NULL,NULL,NULL,NULL,'','','ITU',NULL,NULL,NULL,NULL,NULL,NULL,NULL,NULL,NULL,NULL,NULL,NULL,NULL,NULL,NULL,NULL,NULL),(195,'PINGO SECO','GILBERTO FERRARI ITU ME','',NULL,NULL,NULL,NULL,'','','ITU',NULL,NULL,NULL,NULL,NULL,NULL,NULL,NULL,NULL,NULL,NULL,NULL,NULL,NULL,NULL,NULL,NULL),(196,'TECNOZON','TECNOZON LTDA','',NULL,NULL,NULL,NULL,'','','PIRACICABA',NULL,NULL,NULL,NULL,NULL,NULL,NULL,NULL,NULL,NULL,NULL,NULL,NULL,NULL,NULL,NULL,NULL),(197,'SOBASE','SOBASE COM MATERIAIS P/ CONSTRUCAO LTDA','600.015.129.118',NULL,NULL,NULL,NULL,'','','SALTO',NULL,NULL,NULL,NULL,NULL,NULL,NULL,NULL,NULL,NULL,NULL,NULL,NULL,NULL,NULL,NULL,NULL),(198,'PAIOL MADEIRAS','PAIOL MADEIRAS','',NULL,NULL,NULL,NULL,'','','ITU',NULL,NULL,NULL,NULL,NULL,NULL,NULL,NULL,NULL,NULL,NULL,NULL,NULL,NULL,NULL,NULL,NULL),(199,'CASA DO ALUMINIO','CASA DO ALUMINIO','',NULL,NULL,NULL,NULL,'','','ITU',NULL,NULL,NULL,NULL,NULL,NULL,NULL,NULL,NULL,NULL,NULL,NULL,NULL,NULL,NULL,NULL,NULL),(200,'EDSON HENRIQUE PARISI','EDSON HENRIQUE PARISI','',NULL,NULL,NULL,NULL,'','','ITU',NULL,NULL,NULL,NULL,NULL,NULL,NULL,NULL,NULL,NULL,NULL,NULL,NULL,NULL,NULL,NULL,NULL),(201,'EMBRASIL','EMBRASIL EMPRESA BRASILEIRA DISTRIBUIDORA LTDA','546.179923.0090',NULL,NULL,NULL,NULL,'','','RIBEIRAO DAS NEVES',NULL,NULL,NULL,NULL,NULL,NULL,NULL,NULL,NULL,NULL,NULL,NULL,NULL,NULL,NULL,NULL,NULL),(202,'RGS','RGS','',NULL,NULL,NULL,NULL,'','','ITU',NULL,NULL,NULL,NULL,NULL,NULL,NULL,NULL,NULL,NULL,NULL,NULL,NULL,NULL,NULL,NULL,NULL),(203,'GG PISCINAS','GG INDUSTRIA E COMERCIO DE ACESS PARA PISCINA LTDA','265.012.380.110',NULL,NULL,NULL,NULL,'','','ITU',NULL,NULL,NULL,NULL,NULL,NULL,NULL,NULL,NULL,NULL,NULL,NULL,NULL,NULL,NULL,NULL,NULL),(204,'MC MARQUES FERRAMENTAS - ME','MC MARQUES FERRAMENTAS - ME','',NULL,NULL,NULL,NULL,'','','ITU',NULL,NULL,NULL,NULL,NULL,NULL,NULL,NULL,NULL,NULL,NULL,NULL,NULL,NULL,NULL,NULL,NULL),(205,'SPUMA PRODUTOS DE LIMPEZA E EQUIP. PROFISSIONAIS','SPUMA PRODUTOS DE LIMPEZA E EQUIP. PROFISSIONAIS','',NULL,NULL,NULL,NULL,'','','ITU',NULL,NULL,NULL,NULL,NULL,NULL,NULL,NULL,NULL,NULL,NULL,NULL,NULL,NULL,NULL,NULL,NULL),(206,'MARMORARIA MONTE PEDRAS','MARMORARIA MONTE PEDRAS','',NULL,NULL,NULL,NULL,'','','INDAIATUBA',NULL,NULL,NULL,NULL,NULL,NULL,NULL,NULL,NULL,NULL,NULL,NULL,NULL,NULL,NULL,NULL,NULL),(207,'MULT PEDRAS','MULT PEDRAS','',NULL,NULL,NULL,NULL,'','','INDAIATUBA',NULL,NULL,NULL,NULL,NULL,NULL,NULL,NULL,NULL,NULL,NULL,NULL,NULL,NULL,NULL,NULL,NULL),(208,'ACRICENTER','ACRICENTER','',NULL,NULL,NULL,NULL,'','','ITU',NULL,NULL,NULL,NULL,NULL,NULL,NULL,NULL,NULL,NULL,NULL,NULL,NULL,NULL,NULL,NULL,NULL),(209,'MARMORE REAL','RIBEIRO & RIBEIRO DE INDAIATUBA LTDA - ME','',NULL,NULL,NULL,NULL,'','','INDAIATUBA',NULL,NULL,NULL,NULL,NULL,NULL,NULL,NULL,NULL,NULL,NULL,NULL,NULL,NULL,NULL,NULL,NULL),(210,'MARMORE REAL','MARMORE REAL','',NULL,NULL,NULL,NULL,'','','INDAIATUBA',NULL,NULL,NULL,NULL,NULL,NULL,NULL,NULL,NULL,NULL,NULL,NULL,NULL,NULL,NULL,NULL,NULL),(211,'ELETRO TERRIVEL','ELETRO TERRIVEL LTDA','104.851.743.110',NULL,NULL,NULL,NULL,'','','SAO PAULO',NULL,NULL,NULL,NULL,NULL,NULL,NULL,NULL,NULL,NULL,NULL,NULL,NULL,NULL,NULL,NULL,NULL),(212,'BANCO REAL INTERNET','BANCO REAL INTERNET','',NULL,NULL,NULL,NULL,'','','ITU',NULL,NULL,NULL,NULL,NULL,NULL,NULL,NULL,NULL,NULL,NULL,NULL,NULL,NULL,NULL,NULL,NULL),(213,'DISTRIBUIDORA VALENTE ARTIGOS PARA ESCRITÓRIO LTDA','DISTRIBUIDORA VALENTE ARTIGOS PARA ESCRITÓRIO LTDA','',NULL,NULL,NULL,NULL,'','','ITU',NULL,NULL,NULL,NULL,NULL,NULL,NULL,NULL,NULL,NULL,NULL,NULL,NULL,NULL,NULL,NULL,NULL),(214,'AQUABLUE','AQUABLUE PROD P/ TRATAMENTO AGUA LTDA','336.747.270.117',NULL,NULL,NULL,NULL,'','','GUARULHOS',NULL,NULL,NULL,NULL,NULL,NULL,NULL,NULL,NULL,NULL,NULL,NULL,NULL,NULL,NULL,NULL,NULL),(215,'TEXAS EXPRESS','TEXAS EXPRESS','669.519.766.117',NULL,NULL,NULL,NULL,'','','SOROCABA',NULL,NULL,NULL,NULL,NULL,NULL,NULL,NULL,NULL,NULL,NULL,NULL,NULL,NULL,NULL,NULL,NULL),(216,'AUTO MECANICVA SANTA TEREZINHA','AUTO MECANICVA SANTA TEREZINHA','',NULL,NULL,NULL,NULL,'','','ITU',NULL,NULL,NULL,NULL,NULL,NULL,NULL,NULL,NULL,NULL,NULL,NULL,NULL,NULL,NULL,NULL,NULL),(217,'CAIO','CAIO','',NULL,NULL,NULL,NULL,'','','ITU',NULL,NULL,NULL,NULL,NULL,NULL,NULL,NULL,NULL,NULL,NULL,NULL,NULL,NULL,NULL,NULL,NULL),(218,'SODRAMAR','SODRAMAR IND E COMERCIO LTDA','286.079.882.115',NULL,NULL,NULL,NULL,'','','DIADEMA',NULL,NULL,NULL,NULL,NULL,NULL,NULL,NULL,NULL,NULL,NULL,NULL,NULL,NULL,NULL,NULL,NULL),(219,'RTE RODONAVES','RODONAVES TRANSPORTES E ENCOMENDAS LTDA','582249216111',NULL,NULL,NULL,NULL,'','','RIBEIRÃO PRETO',NULL,NULL,NULL,NULL,NULL,NULL,NULL,NULL,NULL,NULL,NULL,NULL,NULL,NULL,NULL,NULL,NULL),(220,'INES','REUSI INES BOSSI','',NULL,NULL,NULL,NULL,'','','ITU',NULL,NULL,NULL,NULL,NULL,NULL,NULL,NULL,NULL,NULL,NULL,NULL,NULL,NULL,NULL,NULL,NULL),(221,'MARESIAS','MARESIAS QUIMICA DO BRASIL LTDA EPP','669.352.142.119',NULL,NULL,NULL,NULL,'','','SOROCABA',NULL,NULL,NULL,NULL,NULL,NULL,NULL,NULL,NULL,NULL,NULL,NULL,NULL,NULL,NULL,NULL,NULL),(222,'SCC CHECK','SCC CHECK SISTEMA CRED. COBRANÇA','',NULL,NULL,NULL,NULL,'','','MARINGA',NULL,NULL,NULL,NULL,NULL,NULL,NULL,NULL,NULL,NULL,NULL,NULL,NULL,NULL,NULL,NULL,NULL),(223,'TAPECARIA BRASIL','OSMAIR ENGLER LEME & CIA LTDA. ME','387.000.525.116',NULL,NULL,NULL,NULL,'','','ITU',NULL,NULL,NULL,NULL,NULL,NULL,NULL,NULL,NULL,NULL,NULL,NULL,NULL,NULL,NULL,NULL,NULL),(224,'CASA DOS ROLAMENTOS','CASA DOS ROLAMENTOS','',NULL,NULL,NULL,NULL,'','','ITU',NULL,NULL,NULL,NULL,NULL,NULL,NULL,NULL,NULL,NULL,NULL,NULL,NULL,NULL,NULL,NULL,NULL),(225,'DANATA ALIMENTOS','G A DESIDERA & CIA LTDA','387.013.690.111',NULL,NULL,NULL,NULL,'','','ITU',NULL,NULL,NULL,NULL,NULL,NULL,NULL,NULL,NULL,NULL,NULL,NULL,NULL,NULL,NULL,NULL,NULL),(226,'TAOL PNEUS','EDSON TADEU DE ARRUDA MORAES-EPP','387164003110',NULL,NULL,NULL,NULL,'','','ITU',NULL,NULL,NULL,NULL,NULL,NULL,NULL,NULL,NULL,NULL,NULL,NULL,NULL,NULL,NULL,NULL,NULL),(227,'CAPITAL EMBALAGENS','CAPITAL EMBALAGENS','387080644115',NULL,NULL,NULL,NULL,'','','ITU',NULL,NULL,NULL,NULL,NULL,NULL,NULL,NULL,NULL,NULL,NULL,NULL,NULL,NULL,NULL,NULL,NULL),(228,'MPJ TELECOMUNICAÇOES','MAURICIO PACHECO JUNIOR - ME','387.161.477.119',NULL,NULL,NULL,NULL,'','','ITU',NULL,NULL,NULL,NULL,NULL,NULL,NULL,NULL,NULL,NULL,NULL,NULL,NULL,NULL,NULL,NULL,NULL),(229,'ZACCA MATERIAIS P/ CONSTRUCAO','ZACCA MATERIAIS P/ CONSTRUCAO','',NULL,NULL,NULL,NULL,'','','ITU',NULL,NULL,NULL,NULL,NULL,NULL,NULL,NULL,NULL,NULL,NULL,NULL,NULL,NULL,NULL,NULL,NULL),(230,'MILLENIUM','FILTER UP INDUSTRIA E COMERCIO LTDA','286.159.548.116',NULL,NULL,NULL,NULL,'','','DIADEMA',NULL,NULL,NULL,NULL,NULL,NULL,NULL,NULL,NULL,NULL,NULL,NULL,NULL,NULL,NULL,NULL,NULL),(231,'BIOCLOR KMS','KMS INDUSTRIA QUIMICA LTDA','206.238.650.110',NULL,NULL,NULL,NULL,'','','BARUERI',NULL,NULL,NULL,NULL,NULL,NULL,NULL,NULL,NULL,NULL,NULL,NULL,NULL,NULL,NULL,NULL,NULL),(232,'GG PISCINAS','BRUNA BELLIZARI GRANDO ME','265.090.594.115',NULL,NULL,NULL,NULL,'','','CERQUILHO',NULL,NULL,NULL,NULL,NULL,NULL,NULL,NULL,NULL,NULL,NULL,NULL,NULL,NULL,NULL,NULL,NULL),(233,'FG','FERRAMENTAS GERAIS COM E IMPORTACAO S/A','387.159.941.114',NULL,NULL,NULL,NULL,'','','ITU',NULL,NULL,NULL,NULL,NULL,NULL,NULL,NULL,NULL,NULL,NULL,NULL,NULL,NULL,NULL,NULL,NULL),(234,'SEGUNDA MAO INFORMATICA','SEGUNDA MAO INFORMATICA','',NULL,NULL,NULL,NULL,'','','ITU',NULL,NULL,NULL,NULL,NULL,NULL,NULL,NULL,NULL,NULL,NULL,NULL,NULL,NULL,NULL,NULL,NULL),(235,'MGP COM MAT ELETR LTDA ME','MGP COM MAT ELETR LTDA ME','387.169.868.110',NULL,NULL,NULL,NULL,'','','ITU',NULL,NULL,NULL,NULL,NULL,NULL,NULL,NULL,NULL,NULL,NULL,NULL,NULL,NULL,NULL,NULL,NULL),(236,'GIULI MAT. CONST. LTDA','GIULI MAT. CONST. LTDA','',NULL,NULL,NULL,NULL,'','','PORTO FELIZ',NULL,NULL,NULL,NULL,NULL,NULL,NULL,NULL,NULL,NULL,NULL,NULL,NULL,NULL,NULL,NULL,NULL),(237,'SPUMA PRODUTOS DE LIMPEZA E EQUIPAMENTOS PROFISSIO','SPUMA PRODUTOS DE LIMPEZA E EQUIPAMENTOS PROFISSIO','',NULL,NULL,NULL,NULL,'','','ITU',NULL,NULL,NULL,NULL,NULL,NULL,NULL,NULL,NULL,NULL,NULL,NULL,NULL,NULL,NULL,NULL,NULL),(238,'SKYPE','SKYPE','',NULL,NULL,NULL,NULL,'','','ITU',NULL,NULL,NULL,NULL,NULL,NULL,NULL,NULL,NULL,NULL,NULL,NULL,NULL,NULL,NULL,NULL,NULL),(239,'MADEIREIRA SANTA RITA DE ITU LTDA EPP','MADEIREIRA SANTA RITA DE ITU LTDA EPP','',NULL,NULL,NULL,NULL,'','','ITU',NULL,NULL,NULL,NULL,NULL,NULL,NULL,NULL,NULL,NULL,NULL,NULL,NULL,NULL,NULL,NULL,NULL),(240,'GIBI MADEIRAS','GIBI MADEIRAS','',NULL,NULL,NULL,NULL,'','','ITU',NULL,NULL,NULL,NULL,NULL,NULL,NULL,NULL,NULL,NULL,NULL,NULL,NULL,NULL,NULL,NULL,NULL),(241,'METALTEX','METALTEX PRODUTOS ELETRONICOS METALTEX LTDA','104.009.699.118',NULL,NULL,NULL,NULL,'','','SAO PAULO',NULL,NULL,NULL,NULL,NULL,NULL,NULL,NULL,NULL,NULL,NULL,NULL,NULL,NULL,NULL,NULL,NULL),(242,'BOMBAS PAULO','BOMBAS PAULO DE SOROCABA LTDA','669.022.978.111',NULL,NULL,NULL,NULL,'','','SOROCABA',NULL,NULL,NULL,NULL,NULL,NULL,NULL,NULL,NULL,NULL,NULL,NULL,NULL,NULL,NULL,NULL,NULL),(243,'AMANCO','MEXICHEM BRASIL IND TRANSF PLASTICA LTDA','671.084.071.112',NULL,NULL,NULL,NULL,'','','SUMARE',NULL,NULL,NULL,NULL,NULL,NULL,NULL,NULL,NULL,NULL,NULL,NULL,NULL,NULL,NULL,NULL,NULL),(244,'W RAMOS','W RAMOS COMERCIO DE TAPETES PERSONALIZADOS','',NULL,NULL,NULL,NULL,'','','ITU',NULL,NULL,NULL,NULL,NULL,NULL,NULL,NULL,NULL,NULL,NULL,NULL,NULL,NULL,NULL,NULL,NULL),(245,'AUTO PECAS SAI','AUTO PECAS SAI','',NULL,NULL,NULL,NULL,'','','ITU',NULL,NULL,NULL,NULL,NULL,NULL,NULL,NULL,NULL,NULL,NULL,NULL,NULL,NULL,NULL,NULL,NULL),(246,'UNICARD MASTERCARD','UNICARD MASTERCARD','',NULL,NULL,NULL,NULL,'','','ITU',NULL,NULL,NULL,NULL,NULL,NULL,NULL,NULL,NULL,NULL,NULL,NULL,NULL,NULL,NULL,NULL,NULL),(247,'VIDA LUZ MATERIAIS P CONSTRUCAO','VIDA LUZ MATERIAIS P CONSTRUCAO','',NULL,NULL,NULL,NULL,'','','INDAIATUBA',NULL,NULL,NULL,NULL,NULL,NULL,NULL,NULL,NULL,NULL,NULL,NULL,NULL,NULL,NULL,NULL,NULL),(248,'SOL PISCINAS','SOL PISCINAS','',NULL,NULL,NULL,NULL,'','','CAMPINAS',NULL,NULL,NULL,NULL,NULL,NULL,NULL,NULL,NULL,NULL,NULL,NULL,NULL,NULL,NULL,NULL,NULL),(249,'SOCALOR','SOCALOR IND COM LTDA','',NULL,NULL,NULL,NULL,'','','SAO PAULO',NULL,NULL,NULL,NULL,NULL,NULL,NULL,NULL,NULL,NULL,NULL,NULL,NULL,NULL,NULL,NULL,NULL),(250,'LOJAS CEM','LOJAS CEM S.A.','387011146110',NULL,NULL,NULL,NULL,'','','ITU',NULL,NULL,NULL,NULL,NULL,NULL,NULL,NULL,NULL,NULL,NULL,NULL,NULL,NULL,NULL,NULL,NULL),(251,'AGUA VIVA','AGUA VIVA ARTIGOS PARA PISCINAS','',NULL,NULL,NULL,NULL,'','','CAMPINAS',NULL,NULL,NULL,NULL,NULL,NULL,NULL,NULL,NULL,NULL,NULL,NULL,NULL,NULL,NULL,NULL,NULL),(252,'CENTRO AUTOMOTIVO OLIVEIRA','CENTRO AUTOMOTIVO OLIVEIRA','',NULL,NULL,NULL,NULL,'','','ITU',NULL,NULL,NULL,NULL,NULL,NULL,NULL,NULL,NULL,NULL,NULL,NULL,NULL,NULL,NULL,NULL,NULL),(253,'MADITU','MADITU MADEIRAS E ESQUADRIAS','',NULL,NULL,NULL,NULL,'','','ITU',NULL,NULL,NULL,NULL,NULL,NULL,NULL,NULL,NULL,NULL,NULL,NULL,NULL,NULL,NULL,NULL,NULL),(254,'TONINHO AQUECEDORES','TONINHO AQUECEDORES','',NULL,NULL,NULL,NULL,'','','ITU',NULL,NULL,NULL,NULL,NULL,NULL,NULL,NULL,NULL,NULL,NULL,NULL,NULL,NULL,NULL,NULL,NULL),(255,'REMAT','REMAT COMERCIO DE MATERIAS P/ CONSTRUCAO LTDA','206.033.621.111',NULL,NULL,NULL,NULL,'','','SANTANA PARNAIBA',NULL,NULL,NULL,NULL,NULL,NULL,NULL,NULL,NULL,NULL,NULL,NULL,NULL,NULL,NULL,NULL,NULL),(256,'DW IND E COM DE MATERIAIS EM INOX LTDA','DW IND E COM DE MATERIAIS EM INOX LTDA','',NULL,NULL,NULL,NULL,'','','ITU',NULL,NULL,NULL,NULL,NULL,NULL,NULL,NULL,NULL,NULL,NULL,NULL,NULL,NULL,NULL,NULL,NULL),(257,'CERAMICA CORACAO DE JESUS','CERAMICA CORACAO DE JESUS','',NULL,NULL,NULL,NULL,'','','ITU',NULL,NULL,NULL,NULL,NULL,NULL,NULL,NULL,NULL,NULL,NULL,NULL,NULL,NULL,NULL,NULL,NULL),(258,'PREFEITURA DA ESTANCIA TURISTICA DE ITU','PREFEITURA DA ESTANCIA TURISTICA DE ITU','',NULL,NULL,NULL,NULL,'','','ITU',NULL,NULL,NULL,NULL,NULL,NULL,NULL,NULL,NULL,NULL,NULL,NULL,NULL,NULL,NULL,NULL,NULL),(259,'CHURRASCARIA E LANCHONETE CHICAGO','CHURRASCARIA E LANCHONETE CHICAGO','780000072118',NULL,NULL,NULL,NULL,'','','CESARIO LANGE',NULL,NULL,NULL,NULL,NULL,NULL,NULL,NULL,NULL,NULL,NULL,NULL,NULL,NULL,NULL,NULL,NULL),(260,'DE MARCHI','COMERCIAL DE MARCHI MAT. P/ CONST. LTDA EPP','387075640115',NULL,NULL,NULL,NULL,'','','ITU',NULL,NULL,NULL,NULL,NULL,NULL,NULL,NULL,NULL,NULL,NULL,NULL,NULL,NULL,NULL,NULL,NULL),(261,'MARTINS COMERCIAL','MARTINS COMERCIAL','',NULL,NULL,NULL,NULL,'','','ITU',NULL,NULL,NULL,NULL,NULL,NULL,NULL,NULL,NULL,NULL,NULL,NULL,NULL,NULL,NULL,NULL,NULL),(262,'AYMORE CREDITO FINANCIAMENTO INV S/A','AYMORE CREDITO FINANCIAMENTO INV S/A','',NULL,NULL,NULL,NULL,'','','ITU',NULL,NULL,NULL,NULL,NULL,NULL,NULL,NULL,NULL,NULL,NULL,NULL,NULL,NULL,NULL,NULL,NULL),(263,'HSBC','HSBC BANK BRASIL S/A - BANCO MULTIPLO','',NULL,NULL,NULL,NULL,'','','ITU',NULL,NULL,NULL,NULL,NULL,NULL,NULL,NULL,NULL,NULL,NULL,NULL,NULL,NULL,NULL,NULL,NULL),(264,'ROWA','ROWA DO BRASIL COMERCIAL DE BOMBAS LTDA','116.767.097.116',NULL,NULL,NULL,NULL,'','','SAO PAULO',NULL,NULL,NULL,NULL,NULL,NULL,NULL,NULL,NULL,NULL,NULL,NULL,NULL,NULL,NULL,NULL,NULL),(265,'RODOVIARIO RS','DULCINEIA MARA BALDINI ME','244671765114',NULL,NULL,NULL,NULL,'','','CAMPINAS',NULL,NULL,NULL,NULL,NULL,NULL,NULL,NULL,NULL,NULL,NULL,NULL,NULL,NULL,NULL,NULL,NULL),(266,'ANCHIETA  PRODUTOS DE LIMPEZA','ANCHIETA (ELAINE PLENS DOVIGO ME)','387.171.366.112',NULL,NULL,NULL,NULL,'','','ITU',NULL,NULL,NULL,NULL,NULL,NULL,NULL,NULL,NULL,NULL,NULL,NULL,NULL,NULL,NULL,NULL,NULL),(267,'REFRIGERACAO XODÓ','EDSON MARCELINO RIBEIRO ITU ME','387.067.071.115',NULL,NULL,NULL,NULL,'','','ITU',NULL,NULL,NULL,NULL,NULL,NULL,NULL,NULL,NULL,NULL,NULL,NULL,NULL,NULL,NULL,NULL,NULL),(268,'POSTO ITUSAO','CENTRO AUTOMOTIVO ITUZAO','387.184.919.110',NULL,NULL,NULL,NULL,'','','ITU',NULL,NULL,NULL,NULL,NULL,NULL,NULL,NULL,NULL,NULL,NULL,NULL,NULL,NULL,NULL,NULL,NULL),(269,'AUTO POSTO ESTRADAO DE ITU LTDA','AUTO POSTO ESTRADAO DE ITU LTDA','387.081.836.115',NULL,NULL,NULL,NULL,'','','ITU',NULL,NULL,NULL,NULL,NULL,NULL,NULL,NULL,NULL,NULL,NULL,NULL,NULL,NULL,NULL,NULL,NULL),(270,'POSTO OURO','POSTO OURO','353.094.387.119',NULL,NULL,NULL,NULL,'','','INDAIATUBA',NULL,NULL,NULL,NULL,NULL,NULL,NULL,NULL,NULL,NULL,NULL,NULL,NULL,NULL,NULL,NULL,NULL),(271,'CIA BRASILEIRA DE DISRIBUICAO LOJA 1325','CIA BRASILEIRA DE DISRIBUICAO LOJA 1325','',NULL,NULL,NULL,NULL,'','','ITU',NULL,NULL,NULL,NULL,NULL,NULL,NULL,NULL,NULL,NULL,NULL,NULL,NULL,NULL,NULL,NULL,NULL),(272,'COOPERATIVA AGRICOLA','COOPERATIVA AGRICOLA MISTA DE ITU','387.006.480.118',NULL,NULL,NULL,NULL,'','','ITU',NULL,NULL,NULL,NULL,NULL,NULL,NULL,NULL,NULL,NULL,NULL,NULL,NULL,NULL,NULL,NULL,NULL),(273,'MIL FACAS','ELIAS EDMOND GHATTAS ME','387197160112',NULL,NULL,NULL,NULL,'','','ITU',NULL,NULL,NULL,NULL,NULL,NULL,NULL,NULL,NULL,NULL,NULL,NULL,NULL,NULL,NULL,NULL,NULL),(274,'DETRAN','DETRAN','',NULL,NULL,NULL,NULL,'','','SAO PAULO',NULL,NULL,NULL,NULL,NULL,NULL,NULL,NULL,NULL,NULL,NULL,NULL,NULL,NULL,NULL,NULL,NULL),(275,'MARCOS ANTONIO SPORLON','MARCOS ANTONIO SPORLON','',NULL,NULL,NULL,NULL,'','','ITU',NULL,NULL,NULL,NULL,NULL,NULL,NULL,NULL,NULL,NULL,NULL,NULL,NULL,NULL,NULL,NULL,NULL),(276,'SOLARPLAST','SOLARPLAST','',NULL,NULL,NULL,NULL,'','','ITU',NULL,NULL,NULL,NULL,NULL,NULL,NULL,NULL,NULL,NULL,NULL,NULL,NULL,NULL,NULL,NULL,NULL),(277,'RAMO CONEXOES','FUNDICAO BUNI LTDA','113.951.357.118',NULL,NULL,NULL,NULL,'','','SAO PAULO',NULL,NULL,NULL,NULL,NULL,NULL,NULL,NULL,NULL,NULL,NULL,NULL,NULL,NULL,NULL,NULL,NULL),(278,'HTH','ARCH QUIMICA BRASIL LTDA','600.025.189.112',NULL,NULL,NULL,NULL,'','','SALTO',NULL,NULL,NULL,NULL,NULL,NULL,NULL,NULL,NULL,NULL,NULL,NULL,NULL,NULL,NULL,NULL,NULL),(279,'COMERCIAL AUTO PECAS S','COMERCIAL AUTO PECAS S','',NULL,NULL,NULL,NULL,'','','ITU',NULL,NULL,NULL,NULL,NULL,NULL,NULL,NULL,NULL,NULL,NULL,NULL,NULL,NULL,NULL,NULL,NULL),(280,'BORSATO CHURRASCARIA','BORSATO CHURRASCARIA','',NULL,NULL,NULL,NULL,'','','ARAACARIUAMA',NULL,NULL,NULL,NULL,NULL,NULL,NULL,NULL,NULL,NULL,NULL,NULL,NULL,NULL,NULL,NULL,NULL),(281,'ADEMIR FRANCISCO BARBOSA','ADEMIR FRANCISCO BARBOSA','',NULL,NULL,NULL,NULL,'','','ITU',NULL,NULL,NULL,NULL,NULL,NULL,NULL,NULL,NULL,NULL,NULL,NULL,NULL,NULL,NULL,NULL,NULL),(282,'AUTO POSTO TREVO DE TATUI LTDA','AUTO POSTO TREVO DE TATUI LTDA','687009845117',NULL,NULL,NULL,NULL,'','','TATUI',NULL,NULL,NULL,NULL,NULL,NULL,NULL,NULL,NULL,NULL,NULL,NULL,NULL,NULL,NULL,NULL,NULL),(283,'RESTAURANTE POPULAR','ANTONIO PAULO RODRIGUES E CIA LTDA ME','353002970113',NULL,NULL,NULL,NULL,'','','INDAIATUBA',NULL,NULL,NULL,NULL,NULL,NULL,NULL,NULL,NULL,NULL,NULL,NULL,NULL,NULL,NULL,NULL,NULL),(284,'WINCO SISEMAS LTDA','WINCO SISEMAS LTDA','',NULL,NULL,NULL,NULL,'','','SAO CAETANO DO SUL',NULL,NULL,NULL,NULL,NULL,NULL,NULL,NULL,NULL,NULL,NULL,NULL,NULL,NULL,NULL,NULL,NULL),(285,'REFRIGERAÇÃO ELMA','COMERCIO DE REFRIGERAÇÃO ELMA LTDA','',NULL,NULL,NULL,NULL,'','','ITU',NULL,NULL,NULL,NULL,NULL,NULL,NULL,NULL,NULL,NULL,NULL,NULL,NULL,NULL,NULL,NULL,NULL),(286,'EDITORA A2 LTDA ME','EDITORA A2 LTDA ME','',NULL,NULL,NULL,NULL,'','','SOROCABA',NULL,NULL,NULL,NULL,NULL,NULL,NULL,NULL,NULL,NULL,NULL,NULL,NULL,NULL,NULL,NULL,NULL),(287,'DIDI DESPACHANTE POLICIAL','DIDI DESPACHANTE POLICIAL','',NULL,NULL,NULL,NULL,'','','ITU',NULL,NULL,NULL,NULL,NULL,NULL,NULL,NULL,NULL,NULL,NULL,NULL,NULL,NULL,NULL,NULL,NULL),(288,'ALKIMIA E CULINARIA','ALKIMIA E CULINARIA','734058346110',NULL,NULL,NULL,NULL,'','','ARCARIGUAMA',NULL,NULL,NULL,NULL,NULL,NULL,NULL,NULL,NULL,NULL,NULL,NULL,NULL,NULL,NULL,NULL,NULL),(289,'MERCADO POTIGUARA','MERCADO POTIGUARA','',NULL,NULL,NULL,NULL,'','','ITU',NULL,NULL,NULL,NULL,NULL,NULL,NULL,NULL,NULL,NULL,NULL,NULL,NULL,NULL,NULL,NULL,NULL),(290,'NOVA COMUNICACAO & MARKETING','MAGNO SANTIAGO TRINDADE','',NULL,NULL,NULL,NULL,'','','SAO JOAO DEL REI',NULL,NULL,NULL,NULL,NULL,NULL,NULL,NULL,NULL,NULL,NULL,NULL,NULL,NULL,NULL,NULL,NULL),(291,'DOCOL','DOCOL METAIS SANITARIOS LTDA','250.767.805',NULL,NULL,NULL,NULL,'','','JOINVILLE',NULL,NULL,NULL,NULL,NULL,NULL,NULL,NULL,NULL,NULL,NULL,NULL,NULL,NULL,NULL,NULL,NULL),(292,'COUTO E TIRA LTDA','COUTO E TIRA LTDA','387090979110',NULL,NULL,NULL,NULL,'','','ITU',NULL,NULL,NULL,NULL,NULL,NULL,NULL,NULL,NULL,NULL,NULL,NULL,NULL,NULL,NULL,NULL,NULL),(293,'VANNUCCI INSTR MUSICAIS','JOSE TADEU VANNUCCI','387.035.782.117',NULL,NULL,NULL,NULL,'','','ITU',NULL,NULL,NULL,NULL,NULL,NULL,NULL,NULL,NULL,NULL,NULL,NULL,NULL,NULL,NULL,NULL,NULL),(294,'LAU','LUIS ANTONIO LAU','',NULL,NULL,NULL,NULL,'','','CABREUVA',NULL,NULL,NULL,NULL,NULL,NULL,NULL,NULL,NULL,NULL,NULL,NULL,NULL,NULL,NULL,NULL,NULL),(295,'HIDROPECAS','BENEDITO FLAVIO MANOEL DE ALMEIDA - ME','',NULL,NULL,NULL,NULL,'','','ITU',NULL,NULL,NULL,NULL,NULL,NULL,NULL,NULL,NULL,NULL,NULL,NULL,NULL,NULL,NULL,NULL,NULL),(296,'POSTO TRES IRMAOS','POSTO TRES IRMAOS','282020086119',NULL,NULL,NULL,NULL,'','','ITATIBA',NULL,NULL,NULL,NULL,NULL,NULL,NULL,NULL,NULL,NULL,NULL,NULL,NULL,NULL,NULL,NULL,NULL),(297,'RINCAO DOS PAMPAS','RINCAO DOS PAMPAS','',NULL,NULL,NULL,NULL,'','','ITATBA',NULL,NULL,NULL,NULL,NULL,NULL,NULL,NULL,NULL,NULL,NULL,NULL,NULL,NULL,NULL,NULL,NULL),(298,'AUTO PECAS ROMANATO','AUTO PECAS ROMANATO','',NULL,NULL,NULL,NULL,'','','ITU',NULL,NULL,NULL,NULL,NULL,NULL,NULL,NULL,NULL,NULL,NULL,NULL,NULL,NULL,NULL,NULL,NULL),(299,'TIGRAO TRAVEL CENTER COM DE ALIMENTOS LTDA','TIGRAO TRAVEL CENTER COM DE ALIMENTOS LTDA','734001600115',NULL,NULL,NULL,NULL,'','','ARACARIGUAMA',NULL,NULL,NULL,NULL,NULL,NULL,NULL,NULL,NULL,NULL,NULL,NULL,NULL,NULL,NULL,NULL,NULL),(300,'HSBC FINANCE','HSBC FINANCE (BRASIL) S/A','',NULL,NULL,NULL,NULL,'','','SAO PAULO',NULL,NULL,NULL,NULL,NULL,NULL,NULL,NULL,NULL,NULL,NULL,NULL,NULL,NULL,NULL,NULL,NULL),(301,'MAGGI MOTOS','MAGGI MOTOS LTDA','387.077.972.115',NULL,NULL,NULL,NULL,'','','ITU',NULL,NULL,NULL,NULL,NULL,NULL,NULL,NULL,NULL,NULL,NULL,NULL,NULL,NULL,NULL,NULL,NULL),(302,'LEIVA LIMA DA CUNHA EPP','LEIVA LIMA DA CUNHA EPP','',NULL,NULL,NULL,NULL,'','','ITU',NULL,NULL,NULL,NULL,NULL,NULL,NULL,NULL,NULL,NULL,NULL,NULL,NULL,NULL,NULL,NULL,NULL),(303,'MICROLIGHT','MICROLIGHT  INFORMATICA LTDA EPP','387089109115',NULL,NULL,NULL,NULL,'','','ITU',NULL,NULL,NULL,NULL,NULL,NULL,NULL,NULL,NULL,NULL,NULL,NULL,NULL,NULL,NULL,NULL,NULL),(304,'ELETRO SANTA RITA','ELETRO SANTA RITA','387012532110',NULL,NULL,NULL,NULL,'','','ITU',NULL,NULL,NULL,NULL,NULL,NULL,NULL,NULL,NULL,NULL,NULL,NULL,NULL,NULL,NULL,NULL,NULL),(305,'DIA BRASIL SOCIEDADE LTDA','DIA BRASIL SOCIEDADE LTDA','387168189119',NULL,NULL,NULL,NULL,'','','ITU',NULL,NULL,NULL,NULL,NULL,NULL,NULL,NULL,NULL,NULL,NULL,NULL,NULL,NULL,NULL,NULL,NULL),(306,'CONTINENTAL COM. VAREJISTA LTDA','CONTINENTAL COM. VAREJISTA LTDA','387187670117',NULL,NULL,NULL,NULL,'','','ITU',NULL,NULL,NULL,NULL,NULL,NULL,NULL,NULL,NULL,NULL,NULL,NULL,NULL,NULL,NULL,NULL,NULL),(307,'AUTO ELETRICA VENEZA LTDA','AUTO ELETRICA N. S. APARECIDA','387169821117',NULL,NULL,NULL,NULL,'','','ITU',NULL,NULL,NULL,NULL,NULL,NULL,NULL,NULL,NULL,NULL,NULL,NULL,NULL,NULL,NULL,NULL,NULL),(308,'CONEXAO','CONEXAO','387065974112',NULL,NULL,NULL,NULL,'','','ITU',NULL,NULL,NULL,NULL,NULL,NULL,NULL,NULL,NULL,NULL,NULL,NULL,NULL,NULL,NULL,NULL,NULL),(309,'VERO RESTAURANTE','VERO RESTAURANTE','',NULL,NULL,NULL,NULL,'','','ITU',NULL,NULL,NULL,NULL,NULL,NULL,NULL,NULL,NULL,NULL,NULL,NULL,NULL,NULL,NULL,NULL,NULL),(310,'INK JET 21','INK JET 21','387089934114',NULL,NULL,NULL,NULL,'','','ITU',NULL,NULL,NULL,NULL,NULL,NULL,NULL,NULL,NULL,NULL,NULL,NULL,NULL,NULL,NULL,NULL,NULL),(311,'MISTER PLUS AUTOMOTIVOS E CONV. LTDA','MISTER PLUS AUTOMOTIVOS E CONV. LTDA','105469986114',NULL,NULL,NULL,NULL,'','','SAO PAULO',NULL,NULL,NULL,NULL,NULL,NULL,NULL,NULL,NULL,NULL,NULL,NULL,NULL,NULL,NULL,NULL,NULL),(312,'LEWAHL','LEWAHL SANEAMENTO E MEIO AMBIENTE LTDA','387.155.333.119',NULL,NULL,NULL,NULL,'','','ITU',NULL,NULL,NULL,NULL,NULL,NULL,NULL,NULL,NULL,NULL,NULL,NULL,NULL,NULL,NULL,NULL,NULL),(313,'MERCADO VILA ROMA','MERCADO VILA ROMA','',NULL,NULL,NULL,NULL,'','','ITU',NULL,NULL,NULL,NULL,NULL,NULL,NULL,NULL,NULL,NULL,NULL,NULL,NULL,NULL,NULL,NULL,NULL),(314,'COMERCIAL R PRADO LTDA','COMERCIAL R PRADO LTDA','112.884.780.111',NULL,NULL,NULL,NULL,'','','SAO PAULO',NULL,NULL,NULL,NULL,NULL,NULL,NULL,NULL,NULL,NULL,NULL,NULL,NULL,NULL,NULL,NULL,NULL),(315,'GAS CENTER','GAS CENTER COMERCIO DE GAS LTDA','387.045.459.110',NULL,NULL,NULL,NULL,'','','ITU',NULL,NULL,NULL,NULL,NULL,NULL,NULL,NULL,NULL,NULL,NULL,NULL,NULL,NULL,NULL,NULL,NULL),(316,'LS FORMULARIOS GRAFICA  E SERIGRAFIA LTDA EPP','LS FORMULARIOS GRAFICA  E SERIGRAFIA LTDA EPP','669299720110',NULL,NULL,NULL,NULL,'','','SOROCABA',NULL,NULL,NULL,NULL,NULL,NULL,NULL,NULL,NULL,NULL,NULL,NULL,NULL,NULL,NULL,NULL,NULL),(317,'CHURRASCARIA SANTA RITA','CHURRASCARIA SANTA RITA','388010659116',NULL,NULL,NULL,NULL,'','','ITUPEVA',NULL,NULL,NULL,NULL,NULL,NULL,NULL,NULL,NULL,NULL,NULL,NULL,NULL,NULL,NULL,NULL,NULL),(318,'AUTO POSTO ITAICI LTDA','AUTO POSTO ITAICI LTDA','353024982112',NULL,NULL,NULL,NULL,'','','INDAIATUBA',NULL,NULL,NULL,NULL,NULL,NULL,NULL,NULL,NULL,NULL,NULL,NULL,NULL,NULL,NULL,NULL,NULL),(319,'AUTO ALTO','AUTO ALTO DE ITU LTDA - ME','387.073.666.113',NULL,NULL,NULL,NULL,'','','ITU',NULL,NULL,NULL,NULL,NULL,NULL,NULL,NULL,NULL,NULL,NULL,NULL,NULL,NULL,NULL,NULL,NULL),(320,'MAGNETRAFO ELETROELETRONICA LTDA - ME','MAGNETRAFO ELETROELETRONICA LTDA - ME','',NULL,NULL,NULL,NULL,'','','ITU',NULL,NULL,NULL,NULL,NULL,NULL,NULL,NULL,NULL,NULL,NULL,NULL,NULL,NULL,NULL,NULL,NULL),(321,'SHOPTHERM','KAWAKAMI COMERCIO E INSTALACOES LTDA','148.546.608.118',NULL,NULL,NULL,NULL,'','','SAO PAULO',NULL,NULL,NULL,NULL,NULL,NULL,NULL,NULL,NULL,NULL,NULL,NULL,NULL,NULL,NULL,NULL,NULL),(322,'TECNO PISCINAS','TECNO PISCINAS','',NULL,NULL,NULL,NULL,'','','AMERICANA',NULL,NULL,NULL,NULL,NULL,NULL,NULL,NULL,NULL,NULL,NULL,NULL,NULL,NULL,NULL,NULL,NULL),(323,'PREFEITURA DO MUNICIPIO DE VALINHOS','PREFEITURA DO MUNICIPIO DE VALINHOS','',NULL,NULL,NULL,NULL,'','','VALINHOS',NULL,NULL,NULL,NULL,NULL,NULL,NULL,NULL,NULL,NULL,NULL,NULL,NULL,NULL,NULL,NULL,NULL),(324,'ELETRO 2 MAQUINAS E FERRAMENTAS','ELETRO 2 MAQUINAS E FERRAMENTAS','387041880',NULL,NULL,NULL,NULL,'','','ITU',NULL,NULL,NULL,NULL,NULL,NULL,NULL,NULL,NULL,NULL,NULL,NULL,NULL,NULL,NULL,NULL,NULL),(325,'CHAVELANDIA','CHAVELANDIA','',NULL,NULL,NULL,NULL,'','','ITU',NULL,NULL,NULL,NULL,NULL,NULL,NULL,NULL,NULL,NULL,NULL,NULL,NULL,NULL,NULL,NULL,NULL),(326,'TAOL PNEUS','TAOL PNEUS','',NULL,NULL,NULL,NULL,'','','ITU',NULL,NULL,NULL,NULL,NULL,NULL,NULL,NULL,NULL,NULL,NULL,NULL,NULL,NULL,NULL,NULL,NULL),(327,'VILLA MAGNOLIA','EMPRESA MINEIRA DE HOSPEDARIA LTDA - EMHA','',NULL,NULL,NULL,NULL,'','','SÃO JOÃO DEL REY',NULL,NULL,NULL,NULL,NULL,NULL,NULL,NULL,NULL,NULL,NULL,NULL,NULL,NULL,NULL,NULL,NULL),(328,'GARDENIA','EXPRESSO GARDENIA LTDA','244352474116',NULL,NULL,NULL,NULL,'','','CAMPINAS',NULL,NULL,NULL,NULL,NULL,NULL,NULL,NULL,NULL,NULL,NULL,NULL,NULL,NULL,NULL,NULL,NULL),(329,'JOSE RONALDO SOTTO MARTINS','JOSE RONALDO SOTTO MARTINS','',NULL,NULL,NULL,NULL,'','','SALTO',NULL,NULL,NULL,NULL,NULL,NULL,NULL,NULL,NULL,NULL,NULL,NULL,NULL,NULL,NULL,NULL,NULL),(330,'VB TRANSPORTES E TURISMO LTDA','VB TRANSPORTES E TURISMO LTDA','492485756116',NULL,NULL,NULL,NULL,'','','OSASCO',NULL,NULL,NULL,NULL,NULL,NULL,NULL,NULL,NULL,NULL,NULL,NULL,NULL,NULL,NULL,NULL,NULL),(331,'GR S/A','GR S/A','244.801.580.110',NULL,NULL,NULL,NULL,'','','CAMPINAS',NULL,NULL,NULL,NULL,NULL,NULL,NULL,NULL,NULL,NULL,NULL,NULL,NULL,NULL,NULL,NULL,NULL),(332,'RODOSNACK MINASGRILL LANCHONETE E RESTAURANTE','RODOSNACK MINASGRILL LANCHONETE E RESTAURANTE','0010707110068',NULL,NULL,NULL,NULL,'','','RIBEIRAO VERMELHO',NULL,NULL,NULL,NULL,NULL,NULL,NULL,NULL,NULL,NULL,NULL,NULL,NULL,NULL,NULL,NULL,NULL),(333,'VELHO CHICO PETISQUEIRA','VELHO CHICO PETISQUEIRA','',NULL,NULL,NULL,NULL,'','','SAO JOAO DEL REI',NULL,NULL,NULL,NULL,NULL,NULL,NULL,NULL,NULL,NULL,NULL,NULL,NULL,NULL,NULL,NULL,NULL),(334,'ROSEFLEX','INDUSTRIA E COMERCIO ROSEFLEX LTDA EPP','116.840.184.115',NULL,NULL,NULL,NULL,'','','ITAQUERA',NULL,NULL,NULL,NULL,NULL,NULL,NULL,NULL,NULL,NULL,NULL,NULL,NULL,NULL,NULL,NULL,NULL),(335,'DEPARTAMENTO DE ESTRADAS E RODAGEM','DEPARTAMENTO DE ESTRADAS E RODAGEM','',NULL,NULL,NULL,NULL,'','','SAO PAULO',NULL,NULL,NULL,NULL,NULL,NULL,NULL,NULL,NULL,NULL,NULL,NULL,NULL,NULL,NULL,NULL,NULL),(336,'SEM PARAR MATRIZ','SEM PARAR MATRIZ','',NULL,NULL,NULL,NULL,'','','OSASCO',NULL,NULL,NULL,NULL,NULL,NULL,NULL,NULL,NULL,NULL,NULL,NULL,NULL,NULL,NULL,NULL,NULL),(337,'HIDRACOM MANUTENCAO HIDRAULICA','HIDRACOM MANUTENCAO HIDRAULICA','',NULL,NULL,NULL,NULL,'','','ITU',NULL,NULL,NULL,NULL,NULL,NULL,NULL,NULL,NULL,NULL,NULL,NULL,NULL,NULL,NULL,NULL,NULL),(338,'AUTO POSTO ESCALA','AUTO POSTO ESCALA','219001370119',NULL,NULL,NULL,NULL,'','','BOITUVA',NULL,NULL,NULL,NULL,NULL,NULL,NULL,NULL,NULL,NULL,NULL,NULL,NULL,NULL,NULL,NULL,NULL),(339,'BRADESCO AUTO COMPANHIA DE SEGUROS','BRADESCO AUTO COMPANHIA DE SEGUROS','',NULL,NULL,NULL,NULL,'','','ITU',NULL,NULL,NULL,NULL,NULL,NULL,NULL,NULL,NULL,NULL,NULL,NULL,NULL,NULL,NULL,NULL,NULL),(340,'TITE ELETRICIDADE','R CLEMENTE & CIA LTDA','535.203.472.116',NULL,NULL,NULL,NULL,'','','PIRACICABA',NULL,NULL,NULL,NULL,NULL,NULL,NULL,NULL,NULL,NULL,NULL,NULL,NULL,NULL,NULL,NULL,NULL),(341,'TOLDOS PRADO','TOLDOS PRADO','669581035111',NULL,NULL,NULL,NULL,'','','SOROCABA',NULL,NULL,NULL,NULL,NULL,NULL,NULL,NULL,NULL,NULL,NULL,NULL,NULL,NULL,NULL,NULL,NULL),(342,'MAGGI','MAGGI VEICULOS LTDA','387020118115',NULL,NULL,NULL,NULL,'','','ITU',NULL,NULL,NULL,NULL,NULL,NULL,NULL,NULL,NULL,NULL,NULL,NULL,NULL,NULL,NULL,NULL,NULL),(343,'GOMAQ','GOMAQ MAQUINAS PARA ESCRITORIO LTDA','105826803116',NULL,NULL,NULL,NULL,'','','SAO PAULO',NULL,NULL,NULL,NULL,NULL,NULL,NULL,NULL,NULL,NULL,NULL,NULL,NULL,NULL,NULL,NULL,NULL),(344,'BENEDETTI IMOVEIS','CARLOS ROBERTO BENEDETTI','',NULL,NULL,NULL,NULL,'','','ITU',NULL,NULL,NULL,NULL,NULL,NULL,NULL,NULL,NULL,NULL,NULL,NULL,NULL,NULL,NULL,NULL,NULL),(345,'FD MOTOS COM MOTOCICLETA','FD MOTOS COM MOTOCICLETA','',NULL,NULL,NULL,NULL,'','','ITU',NULL,NULL,NULL,NULL,NULL,NULL,NULL,NULL,NULL,NULL,NULL,NULL,NULL,NULL,NULL,NULL,NULL),(346,'FD MOTOS COM MOTOCICLETA','FD MOTOS COM MOTOCICLETA','',NULL,NULL,NULL,NULL,'','','ITU',NULL,NULL,NULL,NULL,NULL,NULL,NULL,NULL,NULL,NULL,NULL,NULL,NULL,NULL,NULL,NULL,NULL),(347,'ROTIV','HIRABAYASHI IND E COMERCIO IMP. E EXP. LTDA EPP','387154578110',NULL,NULL,NULL,NULL,'','','ITU',NULL,NULL,NULL,NULL,NULL,NULL,NULL,NULL,NULL,NULL,NULL,NULL,NULL,NULL,NULL,NULL,NULL),(348,'ESPETINHO MIMI','ESPETINHO MIMI','',NULL,NULL,NULL,NULL,'','','ITU',NULL,NULL,NULL,NULL,NULL,NULL,NULL,NULL,NULL,NULL,NULL,NULL,NULL,NULL,NULL,NULL,NULL),(349,'ESTACIONAMENTO DA PRAÇA LTDA','ESTACIONAMENTO DA PRAÇA LTDA','',NULL,NULL,NULL,NULL,'','','ITU',NULL,NULL,NULL,NULL,NULL,NULL,NULL,NULL,NULL,NULL,NULL,NULL,NULL,NULL,NULL,NULL,NULL),(350,'ADEGA DO MACHUCA','ADEGA DO MACHUCA','',NULL,NULL,NULL,NULL,'','','ITU',NULL,NULL,NULL,NULL,NULL,NULL,NULL,NULL,NULL,NULL,NULL,NULL,NULL,NULL,NULL,NULL,NULL),(351,'DON MARCHE LTDA EPP','DON MARCHE LTDA EPP','387164884113',NULL,NULL,NULL,NULL,'','','ITU',NULL,NULL,NULL,NULL,NULL,NULL,NULL,NULL,NULL,NULL,NULL,NULL,NULL,NULL,NULL,NULL,NULL),(352,'RIZZI AGUA','WILSON BENEDITO RIZZI & CIA LTDA','387.015.620.112',NULL,NULL,NULL,NULL,'','','ITU',NULL,NULL,NULL,NULL,NULL,NULL,NULL,NULL,NULL,NULL,NULL,NULL,NULL,NULL,NULL,NULL,NULL),(353,'MIRAIFER','MIRAIFER','',NULL,NULL,NULL,NULL,'','','ITU',NULL,NULL,NULL,NULL,NULL,NULL,NULL,NULL,NULL,NULL,NULL,NULL,NULL,NULL,NULL,NULL,NULL),(354,'MAGAZINE LUIZA S/A','MAGAZINE LUIZA S/A','387189646118',NULL,NULL,NULL,NULL,'','','ITU',NULL,NULL,NULL,NULL,NULL,NULL,NULL,NULL,NULL,NULL,NULL,NULL,NULL,NULL,NULL,NULL,NULL),(355,'GSM TRANSPORTS','GIL EXPRESS TRANSPORTES RODOVIARIOS LTDA','387164616118',NULL,NULL,NULL,NULL,'','','ITU',NULL,NULL,NULL,NULL,NULL,NULL,NULL,NULL,NULL,NULL,NULL,NULL,NULL,NULL,NULL,NULL,NULL),(356,'ICOPAM IND E COM DE PROD AGRICOLAS E MECANICOS LTD','ICOPAM IND E COM DE PROD AGRICOLAS E MECANICOS LTD','',NULL,NULL,NULL,NULL,'','','SANTO ANDRE',NULL,NULL,NULL,NULL,NULL,NULL,NULL,NULL,NULL,NULL,NULL,NULL,NULL,NULL,NULL,NULL,NULL),(357,'NAUTILUS','NAUTILUS','',NULL,NULL,NULL,NULL,'','','ITU',NULL,NULL,NULL,NULL,NULL,NULL,NULL,NULL,NULL,NULL,NULL,NULL,NULL,NULL,NULL,NULL,NULL),(358,'AUTO ELETRICA SAO CRISTOVAO','AUTO ELETRICA SAO CRISTOVAO','',NULL,NULL,NULL,NULL,'','','ITU',NULL,NULL,NULL,NULL,NULL,NULL,NULL,NULL,NULL,NULL,NULL,NULL,NULL,NULL,NULL,NULL,NULL),(359,'DON MARCHE','DON MARCHE','',NULL,NULL,NULL,NULL,'','','ITU',NULL,NULL,NULL,NULL,NULL,NULL,NULL,NULL,NULL,NULL,NULL,NULL,NULL,NULL,NULL,NULL,NULL),(360,'MERCATTO MAESTRO','MERCATTO MAESTRO','',NULL,NULL,NULL,NULL,'','','ITU',NULL,NULL,NULL,NULL,NULL,NULL,NULL,NULL,NULL,NULL,NULL,NULL,NULL,NULL,NULL,NULL,NULL),(361,'AUTO POSTO MAGGI','AUTO POSTO MAGGI','',NULL,NULL,NULL,NULL,'','','ITU',NULL,NULL,NULL,NULL,NULL,NULL,NULL,NULL,NULL,NULL,NULL,NULL,NULL,NULL,NULL,NULL,NULL),(362,'IBBL IND BRASILEIRA DE DISTRIBUICAO LTDA','IBBL IND BRASILEIRA DE DISTRIBUICAO LTDA','387040475112',NULL,NULL,NULL,NULL,'','','ITU',NULL,NULL,NULL,NULL,NULL,NULL,NULL,NULL,NULL,NULL,NULL,NULL,NULL,NULL,NULL,NULL,NULL),(363,'DAYLA ESSENCIA EUCALIPTO','VILBER MAFRE NOGUEIRA ESSENCIAS','482.097.327.110',NULL,NULL,NULL,NULL,'','','AMERICANA',NULL,NULL,NULL,NULL,NULL,NULL,NULL,NULL,NULL,NULL,NULL,NULL,NULL,NULL,NULL,NULL,NULL),(364,'DEPOSITO DA VILA-MAIS PARA CONSTRUCAO','DEPOSITO DA VILA-MAIS PARA CONSTRUCAO','',NULL,NULL,NULL,NULL,'','','SAO PAULO',NULL,NULL,NULL,NULL,NULL,NULL,NULL,NULL,NULL,NULL,NULL,NULL,NULL,NULL,NULL,NULL,NULL),(365,'LOJAO DA FABRICA ANCHIETA','LOJAO DA FABRICA ANCHIETA','',NULL,NULL,NULL,NULL,'','','ITU',NULL,NULL,NULL,NULL,NULL,NULL,NULL,NULL,NULL,NULL,NULL,NULL,NULL,NULL,NULL,NULL,NULL),(366,'ITUCOR TINTAS E ACESSORIOS LTDA','ITUCOR TINTAS E ACESSORIOS LTDA','',NULL,NULL,NULL,NULL,'','','ITU',NULL,NULL,NULL,NULL,NULL,NULL,NULL,NULL,NULL,NULL,NULL,NULL,NULL,NULL,NULL,NULL,NULL),(367,'IGUACU LIMP','IGUACU LIMP DISTR PRODUTOS PISCINAS E LIMPEZA EM G','',NULL,NULL,NULL,NULL,'','','CAPIVARI',NULL,NULL,NULL,NULL,NULL,NULL,NULL,NULL,NULL,NULL,NULL,NULL,NULL,NULL,NULL,NULL,NULL),(368,'VIA AUTOMOTIVA','VIA AUTOMOTIVA','',NULL,NULL,NULL,NULL,'','','ITU',NULL,NULL,NULL,NULL,NULL,NULL,NULL,NULL,NULL,NULL,NULL,NULL,NULL,NULL,NULL,NULL,NULL),(369,'LUCIANO TEIXEIRA','LUCIANO TEIXEIRA','',NULL,NULL,NULL,NULL,'','','SAO PAULO',NULL,NULL,NULL,NULL,NULL,NULL,NULL,NULL,NULL,NULL,NULL,NULL,NULL,NULL,NULL,NULL,NULL),(370,'PRINT PLOT INFORMATICA LTDA ME','PRINT PLOT INFORMATICA LTDA ME','',NULL,NULL,NULL,NULL,'','','ITU',NULL,NULL,NULL,NULL,NULL,NULL,NULL,NULL,NULL,NULL,NULL,NULL,NULL,NULL,NULL,NULL,NULL),(371,'BRASTEK','CELSO RODRIGUES SILVA SOROCABA','669176637113',NULL,NULL,NULL,NULL,'','','SOROCABA',NULL,NULL,NULL,NULL,NULL,NULL,NULL,NULL,NULL,NULL,NULL,NULL,NULL,NULL,NULL,NULL,NULL),(372,'PADARIA SANTOS','JOSE MARIA GONZAGA DOS SANTOS E CIA LTDA','387155351110',NULL,NULL,NULL,NULL,'','','ITU',NULL,NULL,NULL,NULL,NULL,NULL,NULL,NULL,NULL,NULL,NULL,NULL,NULL,NULL,NULL,NULL,NULL),(373,'BIG PEDRO UTILIDADES LTDA ME','BIG PEDRO UTILIDADES LTDA ME','387194278112',NULL,NULL,NULL,NULL,'','','ITU',NULL,NULL,NULL,NULL,NULL,NULL,NULL,NULL,NULL,NULL,NULL,NULL,NULL,NULL,NULL,NULL,NULL),(374,'RODOVIARIO CAMPINAS','AWA TRANSPORTE RODOVIARIO CAMPINAS LTDA','116039301113',NULL,NULL,NULL,NULL,'','','CAMPINAS',NULL,NULL,NULL,NULL,NULL,NULL,NULL,NULL,NULL,NULL,NULL,NULL,NULL,NULL,NULL,NULL,NULL),(375,'PORAO COMPONENTES ELETRONICOS','JOAO BATISTA GARCIA DE OLIVEIRA - ME','387.188.222.116',NULL,NULL,NULL,NULL,'','','ITU',NULL,NULL,NULL,NULL,NULL,NULL,NULL,NULL,NULL,NULL,NULL,NULL,NULL,NULL,NULL,NULL,NULL),(376,'REDECARD S.A.','REDECARD S.A.','',NULL,NULL,NULL,NULL,'','','SAO PAULO',NULL,NULL,NULL,NULL,NULL,NULL,NULL,NULL,NULL,NULL,NULL,NULL,NULL,NULL,NULL,NULL,NULL),(377,'VISA','VISANET - CIA BRASILEIRA DE MEIOS DE PAGAMENTO','',NULL,NULL,NULL,NULL,'','','SAO BERNARDO DO CAMPO',NULL,NULL,NULL,NULL,NULL,NULL,NULL,NULL,NULL,NULL,NULL,NULL,NULL,NULL,NULL,NULL,NULL),(378,'COLINAS','RODOVIAS DAS COLINAS','',NULL,NULL,NULL,NULL,'','','BOITUVA',NULL,NULL,NULL,NULL,NULL,NULL,NULL,NULL,NULL,NULL,NULL,NULL,NULL,NULL,NULL,NULL,NULL),(379,'VIA OESTE','CONCESSIONARIA RODOVIA OESTE DE SAO PAULO S/A','',NULL,NULL,NULL,NULL,'','','ITU/BARUERI/OSASCO/ITAPEVI',NULL,NULL,NULL,NULL,NULL,NULL,NULL,NULL,NULL,NULL,NULL,NULL,NULL,NULL,NULL,NULL,NULL),(380,'RESTAURANTE E LANCHONETE KADETE LTDA EPP','RESTAURANTE E LANCHONETE KADETE LTDA EPP','623013683119',NULL,NULL,NULL,NULL,'','','SANTANA DO PARNAIBA',NULL,NULL,NULL,NULL,NULL,NULL,NULL,NULL,NULL,NULL,NULL,NULL,NULL,NULL,NULL,NULL,NULL),(381,'MINULIGHT','MINULIGHT ELETROTECNICA LTDA','84.903.809',NULL,NULL,NULL,NULL,'','','RIO DE JANEIRO',NULL,NULL,NULL,NULL,NULL,NULL,NULL,NULL,NULL,NULL,NULL,NULL,NULL,NULL,NULL,NULL,NULL),(382,'AUTO GERAL DE ITU LTDA','AUTO GERAL DE ITU LTDA','387.163.805.114',NULL,NULL,NULL,NULL,'','','ITU',NULL,NULL,NULL,NULL,NULL,NULL,NULL,NULL,NULL,NULL,NULL,NULL,NULL,NULL,NULL,NULL,NULL),(383,'LANCHES M RODRIGUES LTDA ME','LANCHES M RODRIGUES LTDA ME','105.917.998.118',NULL,NULL,NULL,NULL,'','','SÃO PAULO',NULL,NULL,NULL,NULL,NULL,NULL,NULL,NULL,NULL,NULL,NULL,NULL,NULL,NULL,NULL,NULL,NULL),(384,'PADARIA E CONFEITARIA DELFIM LTDA','PADARIA E CONFEITARIA DELFIM LTDA','105.428.091.116',NULL,NULL,NULL,NULL,'','','SAO PAULO',NULL,NULL,NULL,NULL,NULL,NULL,NULL,NULL,NULL,NULL,NULL,NULL,NULL,NULL,NULL,NULL,NULL),(385,'SATYRO FRANCESCHINELLI & FRANCESCHINELLI LTDA','SATYRO FRANCESCHINELLI & FRANCESCHINELLI LTDA','387.063.810.112',NULL,NULL,NULL,NULL,'','','ITU',NULL,NULL,NULL,NULL,NULL,NULL,NULL,NULL,NULL,NULL,NULL,NULL,NULL,NULL,NULL,NULL,NULL),(386,'BANCO DO BRASIL','BANCO DO BRASIL','',NULL,NULL,NULL,NULL,'','','ITU',NULL,NULL,NULL,NULL,NULL,NULL,NULL,NULL,NULL,NULL,NULL,NULL,NULL,NULL,NULL,NULL,NULL),(387,'LAVA RAPIDO H2O','ELISANGELA J. DA SILVA ITU ME  (LAVA RAPIDO H2O)','ISENTO',NULL,NULL,NULL,NULL,'','','ITU',NULL,NULL,NULL,NULL,NULL,NULL,NULL,NULL,NULL,NULL,NULL,NULL,NULL,NULL,NULL,NULL,NULL),(388,'ECOVIAS','ECOVIAS CONCESSIONARIA ECOVIA DOS IMIGRANTES S.A','',NULL,NULL,NULL,NULL,'','','ITU',NULL,NULL,NULL,NULL,NULL,NULL,NULL,NULL,NULL,NULL,NULL,NULL,NULL,NULL,NULL,NULL,NULL),(389,'POSTO SESSENTA LTDA','POSTO SESSENTA LTDA','653119062115',NULL,NULL,NULL,NULL,'','','SAO ROQUE',NULL,NULL,NULL,NULL,NULL,NULL,NULL,NULL,NULL,NULL,NULL,NULL,NULL,NULL,NULL,NULL,NULL),(390,'RODO SESSENTA RESTAURANTE E CONVENIENCIA','RODO SESSENTA RESTAURANTE E CONVENIENCIA','653128113112',NULL,NULL,NULL,NULL,'','','SAO ROQUE',NULL,NULL,NULL,NULL,NULL,NULL,NULL,NULL,NULL,NULL,NULL,NULL,NULL,NULL,NULL,NULL,NULL),(391,'CHURRASCARIA E PIZZARIA CASA GRANDE','CHURRASCARIA E PIZZARIA CASA GRANDE','335.117.680.113',NULL,NULL,NULL,NULL,'','','ITU',NULL,NULL,NULL,NULL,NULL,NULL,NULL,NULL,NULL,NULL,NULL,NULL,NULL,NULL,NULL,NULL,NULL),(392,'TIGRE S/A TUBOS E CONEXOES','TIGRE S/A TUBOS E CONEXOES','',NULL,NULL,NULL,NULL,'','','ITU',NULL,NULL,NULL,NULL,NULL,NULL,NULL,NULL,NULL,NULL,NULL,NULL,NULL,NULL,NULL,NULL,NULL),(393,'JAD LOG','JAD LOGISTICA LTDA','149744148111',NULL,NULL,NULL,NULL,'','','SAO PAULO',NULL,NULL,NULL,NULL,NULL,NULL,NULL,NULL,NULL,NULL,NULL,NULL,NULL,NULL,NULL,NULL,NULL),(394,'CONCESSIONARIA ROTA DAS BANDEIRAS S.A.','CONCESSIONARIA ROTA DAS BANDEIRAS S.A.','',NULL,NULL,NULL,NULL,'','','ITUPEVA',NULL,NULL,NULL,NULL,NULL,NULL,NULL,NULL,NULL,NULL,NULL,NULL,NULL,NULL,NULL,NULL,NULL),(395,'LANCHONETE RIACHO DOCE LTDA ME','LANCHONETE RIACHO DOCE LTDA ME','388.009.526.116',NULL,NULL,NULL,NULL,'','','ITUPEVA',NULL,NULL,NULL,NULL,NULL,NULL,NULL,NULL,NULL,NULL,NULL,NULL,NULL,NULL,NULL,NULL,NULL),(396,'LUIS ANTONIO DA SILVEIRA','LUIS ANTONIO DA SILVEIRA','',NULL,NULL,NULL,NULL,'','','ITU',NULL,NULL,NULL,NULL,NULL,NULL,NULL,NULL,NULL,NULL,NULL,NULL,NULL,NULL,NULL,NULL,NULL),(397,'AUTO PEÇA SAI','DENILSON LUIS SAI - ME','387.023.000.111',NULL,NULL,NULL,NULL,'','','ITU',NULL,NULL,NULL,NULL,NULL,NULL,NULL,NULL,NULL,NULL,NULL,NULL,NULL,NULL,NULL,NULL,NULL),(398,'795.032.277.119','PADARIA E PANIFICADORA AMERICA','',NULL,NULL,NULL,NULL,'','','CAMPINAS',NULL,NULL,NULL,NULL,NULL,NULL,NULL,NULL,NULL,NULL,NULL,NULL,NULL,NULL,NULL,NULL,NULL),(399,'RESTAURANTE E CHURRASCARIA RANCHO DO SUL','RESTAURANTE E CHURRASCARIA RANCHO DO SUL','244266851112',NULL,NULL,NULL,NULL,'','','CAMPINAS',NULL,NULL,NULL,NULL,NULL,NULL,NULL,NULL,NULL,NULL,NULL,NULL,NULL,NULL,NULL,NULL,NULL),(400,'BELISK BAR E LANCHONETE LTDA','BELISK BAR E LANCHONETE LTDA','112.246.933.115',NULL,NULL,NULL,NULL,'','','SAO PAULO',NULL,NULL,NULL,NULL,NULL,NULL,NULL,NULL,NULL,NULL,NULL,NULL,NULL,NULL,NULL,NULL,NULL),(401,'FLOR PUBLICIDADE E BRINDES','FLOR PUBLICIDADE E BRINDES','',NULL,NULL,NULL,NULL,'','','SOROCABA',NULL,NULL,NULL,NULL,NULL,NULL,NULL,NULL,NULL,NULL,NULL,NULL,NULL,NULL,NULL,NULL,NULL),(402,'PANIFICADORA NOVA SERRARIA LTDA','PANIFICADORA NOVA SERRARIA LTDA','286277443112',NULL,NULL,NULL,NULL,'','','DIADEMA',NULL,NULL,NULL,NULL,NULL,NULL,NULL,NULL,NULL,NULL,NULL,NULL,NULL,NULL,NULL,NULL,NULL),(403,'RUDC BOMBAS','RUDC BOMBAS','',NULL,NULL,NULL,NULL,'','','ITU',NULL,NULL,NULL,NULL,NULL,NULL,NULL,NULL,NULL,NULL,NULL,NULL,NULL,NULL,NULL,NULL,NULL),(404,'LANCHES M RODRIGUES LTDA ME','LANCHES M RODRIGUES LTDA ME','105.917.998.118',NULL,NULL,NULL,NULL,'','','SAO PAULO',NULL,NULL,NULL,NULL,NULL,NULL,NULL,NULL,NULL,NULL,NULL,NULL,NULL,NULL,NULL,NULL,NULL),(405,'CONCESSIONARIA ECOVIAS DOS IMIGRANTES S.A.','CONCESSIONARIA ECOVIAS DOS IMIGRANTES S.A.','',NULL,NULL,NULL,NULL,'','','ITU',NULL,NULL,NULL,NULL,NULL,NULL,NULL,NULL,NULL,NULL,NULL,NULL,NULL,NULL,NULL,NULL,NULL),(406,'SCHEDULE','SCHEDULE TUBOS VALVULAS E CONEXOES LTDA','244.249.594.110',NULL,NULL,NULL,NULL,'','','CAMPINAS',NULL,NULL,NULL,NULL,NULL,NULL,NULL,NULL,NULL,NULL,NULL,NULL,NULL,NULL,NULL,NULL,NULL),(407,'ELDA RADIADORES','ELDA RADIADORES','',NULL,NULL,NULL,NULL,'','','ITU',NULL,NULL,NULL,NULL,NULL,NULL,NULL,NULL,NULL,NULL,NULL,NULL,NULL,NULL,NULL,NULL,NULL),(408,'RODOANEL MARIO COVAS','CONCESSIONARIA DO RODOANEL OESTE S/A','',NULL,NULL,NULL,NULL,'','','',NULL,NULL,NULL,NULL,NULL,NULL,NULL,NULL,NULL,NULL,NULL,NULL,NULL,NULL,NULL,NULL,NULL),(409,'AGS DEDETIZADORA DESENTUPIDORA','AMARILDO GONCALVES DA SILVA DEDETIZADORA - ME','',NULL,NULL,NULL,NULL,'','','ITU',NULL,NULL,NULL,NULL,NULL,NULL,NULL,NULL,NULL,NULL,NULL,NULL,NULL,NULL,NULL,NULL,NULL),(410,'TENISA MATERIAL DE CONSTRUCAO','SELMA REGINA KONDA - ME','',NULL,NULL,NULL,NULL,'','','ITU',NULL,NULL,NULL,NULL,NULL,NULL,NULL,NULL,NULL,NULL,NULL,NULL,NULL,NULL,NULL,NULL,NULL),(411,'RESTAURANTE DAL BO LTDA ME','RESTAURANTE DAL BO LTDA ME','219.021.751.110',NULL,NULL,NULL,NULL,'','','BOITUVA',NULL,NULL,NULL,NULL,NULL,NULL,NULL,NULL,NULL,NULL,NULL,NULL,NULL,NULL,NULL,NULL,NULL),(412,'LAJEPOR','LAJEPOR','',NULL,NULL,NULL,NULL,'','','ITU',NULL,NULL,NULL,NULL,NULL,NULL,NULL,NULL,NULL,NULL,NULL,NULL,NULL,NULL,NULL,NULL,NULL),(413,'EF PERINA ME','EF PERINA ME','387.084.375.111',NULL,NULL,NULL,NULL,'','','ITU',NULL,NULL,NULL,NULL,NULL,NULL,NULL,NULL,NULL,NULL,NULL,NULL,NULL,NULL,NULL,NULL,NULL),(414,'TOTALCENTER','TOTALCENTER REFRIGERACAO LTDA','074.221.850.019',NULL,NULL,NULL,NULL,'','','BRASILIA',NULL,NULL,NULL,NULL,NULL,NULL,NULL,NULL,NULL,NULL,NULL,NULL,NULL,NULL,NULL,NULL,NULL),(415,'SQUARE','SQUARE','',NULL,NULL,NULL,NULL,'','','ITU',NULL,NULL,NULL,NULL,NULL,NULL,NULL,NULL,NULL,NULL,NULL,NULL,NULL,NULL,NULL,NULL,NULL),(416,'MECANICA SKI','MECANICA SKI','',NULL,NULL,NULL,NULL,'','','ITU',NULL,NULL,NULL,NULL,NULL,NULL,NULL,NULL,NULL,NULL,NULL,NULL,NULL,NULL,NULL,NULL,NULL),(417,'CONSTRULAR','CONSTRULAR','',NULL,NULL,NULL,NULL,'','','SALTO',NULL,NULL,NULL,NULL,NULL,NULL,NULL,NULL,NULL,NULL,NULL,NULL,NULL,NULL,NULL,NULL,NULL),(418,'AMERICANAS.COM','B2W COMPANHIA GLOBAL DO VAREJO','373.117.480.111',NULL,NULL,NULL,NULL,'','','ITAPEVI',NULL,NULL,NULL,NULL,NULL,NULL,NULL,NULL,NULL,NULL,NULL,NULL,NULL,NULL,NULL,NULL,NULL),(419,'RESTAURANTE TAVARES DE ALMEIDA','RESTAURANTE TAVARES DE ALMEIDA','255223165116',NULL,NULL,NULL,NULL,'','','CARAPICUIBA',NULL,NULL,NULL,NULL,NULL,NULL,NULL,NULL,NULL,NULL,NULL,NULL,NULL,NULL,NULL,NULL,NULL),(420,'JACIRA SERVIÇOS AUTOMOTIVOS LTDA','JACIRA SERVIÇOS AUTOMOTIVOS LTDA','370130528111',NULL,NULL,NULL,NULL,'','','ITAPECIRICA',NULL,NULL,NULL,NULL,NULL,NULL,NULL,NULL,NULL,NULL,NULL,NULL,NULL,NULL,NULL,NULL,NULL),(421,'RESTAURANTE CARAMURU','LUIS DIAS FREIRE RESTAURANTE ME','286.237.957.110',NULL,NULL,NULL,NULL,'','','DIADEMA',NULL,NULL,NULL,NULL,NULL,NULL,NULL,NULL,NULL,NULL,NULL,NULL,NULL,NULL,NULL,NULL,NULL),(422,'MANTOVANI E MANTOVANI LTDA','MANTOVANI E MANTOVANI LTDA','388.010.578.659',NULL,NULL,NULL,NULL,'','','ITUPEVA',NULL,NULL,NULL,NULL,NULL,NULL,NULL,NULL,NULL,NULL,NULL,NULL,NULL,NULL,NULL,NULL,NULL),(423,'TATIANA DE MELO BENETOM EPP','TATIANA DE MELO BENETOM EPP','',NULL,NULL,NULL,NULL,'','','CESARIO LANGE',NULL,NULL,NULL,NULL,NULL,NULL,NULL,NULL,NULL,NULL,NULL,NULL,NULL,NULL,NULL,NULL,NULL),(424,'AUTO POSTO PORTAL DO GUARUJA LTDA','AUTO POSTO PORTAL DO GUARUJA LTDA','335.190.945.113',NULL,NULL,NULL,NULL,'','','GUARUJA',NULL,NULL,NULL,NULL,NULL,NULL,NULL,NULL,NULL,NULL,NULL,NULL,NULL,NULL,NULL,NULL,NULL),(425,'G & G AUTO POSTO LTDA','G & G AUTO POSTO LTDA','206.087.883.119',NULL,NULL,NULL,NULL,'','','SAO PAULO',NULL,NULL,NULL,NULL,NULL,NULL,NULL,NULL,NULL,NULL,NULL,NULL,NULL,NULL,NULL,NULL,NULL),(426,'RESTAURANTE CASA BRANCA','CLAUDIO DA COSTA RESTAURANTE ME','',NULL,NULL,NULL,NULL,'','','SANTOS',NULL,NULL,NULL,NULL,NULL,NULL,NULL,NULL,NULL,NULL,NULL,NULL,NULL,NULL,NULL,NULL,NULL),(427,'CASA DE EMBALAGENS  SANTANA','CASA DE EMBALAGENS  SANTANA','',NULL,NULL,NULL,NULL,'','','ITU',NULL,NULL,NULL,NULL,NULL,NULL,NULL,NULL,NULL,NULL,NULL,NULL,NULL,NULL,NULL,NULL,NULL),(428,'QUIMESP','QUIMESP QUIMICA LTDA','336.713.204.112',NULL,NULL,NULL,NULL,'','','GUARULHOS',NULL,NULL,NULL,NULL,NULL,NULL,NULL,NULL,NULL,NULL,NULL,NULL,NULL,NULL,NULL,NULL,NULL),(429,'CONSULTÓRIO ROLLO','CONSULTÓRIO ROLLO','',NULL,NULL,NULL,NULL,'','','ITU',NULL,NULL,NULL,NULL,NULL,NULL,NULL,NULL,NULL,NULL,NULL,NULL,NULL,NULL,NULL,NULL,NULL),(430,'ALFA TRANSPORTES ESPECIAIS LTDA','ALFA TRANSPORTES ESPECIAIS LTDA','336829364119',NULL,NULL,NULL,NULL,'','','GUARULHOS',NULL,NULL,NULL,NULL,NULL,NULL,NULL,NULL,NULL,NULL,NULL,NULL,NULL,NULL,NULL,NULL,NULL),(431,'DE FALCO PEÇAS ACESSORIOS E SERVIÇOS LTDA EPP','DE FALCO PEÇAS ACESSORIOS E SERVIÇOS LTDA EPP','387.063.944.116',NULL,NULL,NULL,NULL,'','','ITU',NULL,NULL,NULL,NULL,NULL,NULL,NULL,NULL,NULL,NULL,NULL,NULL,NULL,NULL,NULL,NULL,NULL),(432,'BIOLACQUA LABORATORIO DE ANALISE DE AGUA LTDA','BIOLACQUA LABORATORIO DE ANALISE DE AGUA LTDA','',NULL,NULL,NULL,NULL,'','','SAO PAULO',NULL,NULL,NULL,NULL,NULL,NULL,NULL,NULL,NULL,NULL,NULL,NULL,NULL,NULL,NULL,NULL,NULL),(433,'AUTO MECANICA PARQUE AMERICA','AUTO MECANICA PARQUE AMERICA','',NULL,NULL,NULL,NULL,'','','ITU',NULL,NULL,NULL,NULL,NULL,NULL,NULL,NULL,NULL,NULL,NULL,NULL,NULL,NULL,NULL,NULL,NULL),(434,'ARCOSERV COM PCS E EQUIPAMENTO','SONCINE & SONCINE ITU LTDA - EPP','387.175.910.116',NULL,NULL,NULL,NULL,'','','ITU',NULL,NULL,NULL,NULL,NULL,NULL,NULL,NULL,NULL,NULL,NULL,NULL,NULL,NULL,NULL,NULL,NULL),(435,'PADARIA PEDRO E PEDROS LTDA EPP','PADARIA PEDRO E PEDROS LTDA EPP','206.186.232.111',NULL,NULL,NULL,NULL,'','','BARUERI / SP',NULL,NULL,NULL,NULL,NULL,NULL,NULL,NULL,NULL,NULL,NULL,NULL,NULL,NULL,NULL,NULL,NULL),(436,'MAXIVINIL','MAXIVINIL INDUSTRIA E COM ARTIGOS PARA LAZER LTDA','582.821.328.112',NULL,NULL,NULL,NULL,'','','RIBEIRAO PRETO',NULL,NULL,NULL,NULL,NULL,NULL,NULL,NULL,NULL,NULL,NULL,NULL,NULL,NULL,NULL,NULL,NULL),(437,'ATACADAO GUARUJA','AG MERCADINHO DA CONSTRUCAO LTDA','116629.720.112',NULL,NULL,NULL,NULL,'','','SAO PAULO',NULL,NULL,NULL,NULL,NULL,NULL,NULL,NULL,NULL,NULL,NULL,NULL,NULL,NULL,NULL,NULL,NULL),(438,'LUIS TORNEIRO','LUIS TORNEIRO','',NULL,NULL,NULL,NULL,'','','ITU',NULL,NULL,NULL,NULL,NULL,NULL,NULL,NULL,NULL,NULL,NULL,NULL,NULL,NULL,NULL,NULL,NULL),(439,'IDEIA ENGENHARIA','IDEIA ENGENHARIA','',NULL,NULL,NULL,NULL,'','','ITU',NULL,NULL,NULL,NULL,NULL,NULL,NULL,NULL,NULL,NULL,NULL,NULL,NULL,NULL,NULL,NULL,NULL),(440,'CONSULTO','CONSULTO','',NULL,NULL,NULL,NULL,'','','ITU',NULL,NULL,NULL,NULL,NULL,NULL,NULL,NULL,NULL,NULL,NULL,NULL,NULL,NULL,NULL,NULL,NULL),(441,'SOUZA E SOUZA RESTAURANTE LTDA ME','SOUZA E SOUZA RESTAURANTE LTDA ME','654096368113',NULL,NULL,NULL,NULL,'','','SAO SEBASTIAO',NULL,NULL,NULL,NULL,NULL,NULL,NULL,NULL,NULL,NULL,NULL,NULL,NULL,NULL,NULL,NULL,NULL),(442,'REAL CARTOES','EMPRESARIAL REAL VISA','',NULL,NULL,NULL,NULL,'','','SÃO PAULO',NULL,NULL,NULL,NULL,NULL,NULL,NULL,NULL,NULL,NULL,NULL,NULL,NULL,NULL,NULL,NULL,NULL),(443,'ROSAMAR HOTEL GUARUJÁ LTDA ME','ROSAMAR HOTEL GUARUJÁ LTDA ME','',NULL,NULL,NULL,NULL,'','','GUARUJA',NULL,NULL,NULL,NULL,NULL,NULL,NULL,NULL,NULL,NULL,NULL,NULL,NULL,NULL,NULL,NULL,NULL),(444,'ALUMIHOUSE','ALUMIHOUSE ESQUADRIAS DE ALUMINIO LTDA ME','669.619.742.111',NULL,NULL,NULL,NULL,'','','SOROCABA',NULL,NULL,NULL,NULL,NULL,NULL,NULL,NULL,NULL,NULL,NULL,NULL,NULL,NULL,NULL,NULL,NULL),(445,'SAGRES','SAGRES COMERCIO E REPRESENTACOES LTDA','669.604.986.116',NULL,NULL,NULL,NULL,'','','SOROCABA',NULL,NULL,NULL,NULL,NULL,NULL,NULL,NULL,NULL,NULL,NULL,NULL,NULL,NULL,NULL,NULL,NULL),(446,'AUTO POSTO FLEXHEIRA LTDA','AUTO POSTO FLEXHEIRA LTDA','254114707110',NULL,NULL,NULL,NULL,'','','CARAGUATATUBA',NULL,NULL,NULL,NULL,NULL,NULL,NULL,NULL,NULL,NULL,NULL,NULL,NULL,NULL,NULL,NULL,NULL),(447,'AUTO MECANICA DORI','AUTO MECANICA DORI','',NULL,NULL,NULL,NULL,'','','ITU',NULL,NULL,NULL,NULL,NULL,NULL,NULL,NULL,NULL,NULL,NULL,NULL,NULL,NULL,NULL,NULL,NULL),(448,'VITRALFER METALURGICA LTDA','VITRALFER METALURGICA LTDA','451098632114',NULL,NULL,NULL,NULL,'','','MIRASSOL',NULL,NULL,NULL,NULL,NULL,NULL,NULL,NULL,NULL,NULL,NULL,NULL,NULL,NULL,NULL,NULL,NULL),(449,'METALMAX','GOMES & PERSIANI LTDA. EPP','495152623118',NULL,NULL,NULL,NULL,'','','OURINHOS',NULL,NULL,NULL,NULL,NULL,NULL,NULL,NULL,NULL,NULL,NULL,NULL,NULL,NULL,NULL,NULL,NULL),(450,'TIJOBLOCOS PRO','A & J MATERIAIS PARA CONSTRUCAO LTDA-ME','149978895115',NULL,NULL,NULL,NULL,'','','SAO PAULO',NULL,NULL,NULL,NULL,NULL,NULL,NULL,NULL,NULL,NULL,NULL,NULL,NULL,NULL,NULL,NULL,NULL),(451,'JURA','JURA COMERCIAL LTDA','244508970117',NULL,NULL,NULL,NULL,'','','CAMPINAS',NULL,NULL,NULL,NULL,NULL,NULL,NULL,NULL,NULL,NULL,NULL,NULL,NULL,NULL,NULL,NULL,NULL),(452,'FLAVI PIAS','FLAVI PIAS LTDA ME','405015826115',NULL,NULL,NULL,NULL,'','','JOSE BONIFACIO',NULL,NULL,NULL,NULL,NULL,NULL,NULL,NULL,NULL,NULL,NULL,NULL,NULL,NULL,NULL,NULL,NULL),(453,'R & C CIMENTOS','ANTONIO FLORIVALDO BIGATTO - EPP','387191890116',NULL,NULL,NULL,NULL,'','','ITU',NULL,NULL,NULL,NULL,NULL,NULL,NULL,NULL,NULL,NULL,NULL,NULL,NULL,NULL,NULL,NULL,NULL),(454,'Toffy','Toffy Sa','','informatica','31980210','Rua Anapurus','','','São Gabriel','Belo Horizonte','','',NULL,NULL,'','','','','','','','',1,NULL,NULL,NULL,NULL),(455,'Toffy','Teste Empresa','5555555','comercial','31980210','Rua Anapurus','','','','Belo Horizonte','','',NULL,NULL,'','','','','','','','',1,NULL,NULL,NULL,NULL);
/*!40000 ALTER TABLE `tc_empresa` ENABLE KEYS */;
UNLOCK TABLES;

--
-- Table structure for table `tc_menu`
--

DROP TABLE IF EXISTS `tc_menu`;
/*!40101 SET @saved_cs_client     = @@character_set_client */;
/*!40101 SET character_set_client = utf8 */;
CREATE TABLE `tc_menu` (
  `codigo` int(11) NOT NULL AUTO_INCREMENT,
  `id` varchar(255) NOT NULL,
  `nome` varchar(255) NOT NULL,
  `ordem` int(11) NOT NULL,
  `pai` int(11) DEFAULT NULL,
  PRIMARY KEY (`codigo`)
) ENGINE=MyISAM AUTO_INCREMENT=35 DEFAULT CHARSET=latin1;
/*!40101 SET character_set_client = @saved_cs_client */;

--
-- Dumping data for table `tc_menu`
--

LOCK TABLES `tc_menu` WRITE;
/*!40000 ALTER TABLE `tc_menu` DISABLE KEYS */;
INSERT INTO `tc_menu` VALUES (1,'000_principal','Início',1,0),(2,'cadastros','Cadastros',2,0),(5,'003_atendentes','Atendentes',3,2),(30,'chamados','Chamados',3,0),(31,'004_chamados','Todos',1,30),(9,'administrativo','Administrativo',5,0),(10,'006_gerenciar_menu','Gerenciar Menus',1,9),(12,'007_perfis','Perfis',2,9),(13,'008_usuarios','Usuários',3,9),(14,'009_permissoes','Permissões',4,9),(32,'001_empresas','Empresas',3,2),(33,'002_categorias','Categorias',2,2),(34,'002_meuschamados','Meus Chamados',2,30);
/*!40000 ALTER TABLE `tc_menu` ENABLE KEYS */;
UNLOCK TABLES;

--
-- Table structure for table `tc_parceiros`
--

DROP TABLE IF EXISTS `tc_parceiros`;
/*!40101 SET @saved_cs_client     = @@character_set_client */;
/*!40101 SET character_set_client = utf8 */;
CREATE TABLE `tc_parceiros` (
  `codigo` int(11) NOT NULL AUTO_INCREMENT,
  `tipo` varchar(255) DEFAULT NULL,
  `nome` varchar(255) DEFAULT NULL,
  `responsavel` varchar(255) DEFAULT NULL,
  `imagem` varchar(255) DEFAULT NULL,
  `cep` varchar(20) DEFAULT NULL,
  `logradouro` varchar(255) DEFAULT NULL,
  `numero` varchar(50) DEFAULT NULL,
  `complemento` varchar(255) DEFAULT NULL,
  `bairro` varchar(255) DEFAULT NULL,
  `cidade` varchar(255) DEFAULT NULL,
  `uf` varchar(2) DEFAULT NULL,
  `site` varchar(255) DEFAULT NULL,
  `email` varchar(255) DEFAULT NULL,
  `telefone` varchar(50) DEFAULT NULL,
  `cadastradoem` datetime DEFAULT NULL,
  PRIMARY KEY (`codigo`)
) ENGINE=MyISAM AUTO_INCREMENT=17 DEFAULT CHARSET=latin1;
/*!40101 SET character_set_client = @saved_cs_client */;

--
-- Dumping data for table `tc_parceiros`
--

LOCK TABLES `tc_parceiros` WRITE;
/*!40000 ALTER TABLE `tc_parceiros` DISABLE KEYS */;
INSERT INTO `tc_parceiros` VALUES (1,'Motoclube','Guerreiros Do Araujo - Afilhado','Paulo Rito','Guerreiros_do_Araujo.jpg','36300000','...','-','-','','São João del Rei','MG','','teste@email.com','(00) 00000-0000',NULL),(2,'Entidade','Amem-sjdr','Weber','amem.jpg','36307470','Rua Vereador Roberto de Lourdes Resende','111','Provisória','Bonfim','São João Del Rei','MG','www.osaventureirosmc.com.br','rebewsoaresaz@gmail.com','(32) 9881-18937',NULL),(3,'Entidade','Abram','Presidente','abran_logo.jpg','30000000','...','','','','Belo Horizonte','MG','','','',NULL),(4,'Motoclube','Adrenalyna - Afilhado','Marcelo Falco','Adrenalyna.jpg','36300000','...','','','Pio XII','...','..','','','',NULL),(5,'Motoclube','Forasteiros De Minas','Lucas','Forasteiros_de_minas.jpg','36300000','...','','','','São João del Rei','MG','','','',NULL),(6,'Motoclube','Águias De Cristo','Daniel','aguais_de_cristo.jpg','36300000','...','','','','São João del Rei','MG','','','',NULL),(7,'Motoclube','Anjos','Presidente','anjos_mc.jpg','','','','','Centro','Conselheiro Lafaiete','MG','','','',NULL),(8,'Motoclube','Asas Negras','Presidente','asas_negras_rj.jpg','','','','','','Rio de Janeiro','RJ','','','',NULL),(9,'Motoclube','Aventureiros','Presidente','aventureiros.jpg','','','','','','Divinopolis','MG','','','',NULL),(10,'Motoclube','Bodes Do Asfalto','Presidente','Bodes_do_asfalto2007.jpg','','','','','','Bahia','BA','','','',NULL),(11,'Motoclube','Bombeiros Do Asfalto','Presidente','bombeiros.jpg','30000000','...','','','','Belo Horizonte','MG','','','',NULL),(12,'Comercio','Makel','Mauro Borges','makel.jpg','36.300-000','Rua Jacarandá','40','Bloco C2 Apto 4002','Inocoop','São João del Rei','MG','','makelconstrucoes@mgconecta.com.br','(32) 3373-0037',NULL),(13,'Comercio','Clinica Bem Estar','Daniel Vale','clinica_bem_estar.jpeg','36305164','Rua Carlos Henrique','46','','Matozinhos','São João Del Rei','MG','','','(32) 3371-6698',NULL),(14,'Entidade','Fmmc','Presidente','foto_amo_mg.jpg','30000000','...','','','','Belo Horizonte','MG','','','',NULL),(15,'Comercio','Relojoaria Citizen','Ronaldo','Citezen.jpg','36300066','Travessa Lopes Bahia','17','Loja','Centro','São João Del Rei','MG','','rrscitizen@hotmail.com','(33) 23372-1562',NULL),(16,'Comercio','Cine Glória','Wallace','cine_gloria.png','36307302','Rua Quintino Bocaiúva','','','Centro','São João Del Rei','MG','http://www.cinegloria.com',' cinegloria@hotmail.com','(32) 3371-7881',NULL);
/*!40000 ALTER TABLE `tc_parceiros` ENABLE KEYS */;
UNLOCK TABLES;

--
-- Table structure for table `tc_perfil`
--

DROP TABLE IF EXISTS `tc_perfil`;
/*!40101 SET @saved_cs_client     = @@character_set_client */;
/*!40101 SET character_set_client = utf8 */;
CREATE TABLE `tc_perfil` (
  `codigo` int(11) NOT NULL AUTO_INCREMENT,
  `nome` varchar(255) DEFAULT NULL,
  `permissao` text,
  PRIMARY KEY (`codigo`)
) ENGINE=MyISAM AUTO_INCREMENT=3 DEFAULT CHARSET=latin1;
/*!40101 SET character_set_client = @saved_cs_client */;

--
-- Dumping data for table `tc_perfil`
--

LOCK TABLES `tc_perfil` WRITE;
/*!40000 ALTER TABLE `tc_perfil` DISABLE KEYS */;
INSERT INTO `tc_perfil` VALUES (1,'Administrador','1,2,33,5,32,30,31,34,9,10,12,13,14'),(2,'Integrantes','1,6,20,15,16,17,18,19,27');
/*!40000 ALTER TABLE `tc_perfil` ENABLE KEYS */;
UNLOCK TABLES;

--
-- Table structure for table `tc_users`
--

DROP TABLE IF EXISTS `tc_users`;
/*!40101 SET @saved_cs_client     = @@character_set_client */;
/*!40101 SET character_set_client = utf8 */;
CREATE TABLE `tc_users` (
  `codigo` int(11) NOT NULL AUTO_INCREMENT,
  `login` varchar(50) NOT NULL,
  `senha` varchar(255) NOT NULL,
  `ativo` int(1) NOT NULL DEFAULT '1',
  `ultimo_acesso` datetime DEFAULT NULL,
  `atendente` int(11) DEFAULT NULL,
  `perfil` int(11) DEFAULT NULL,
  `profissional` int(11) DEFAULT NULL,
  PRIMARY KEY (`codigo`)
) ENGINE=MyISAM AUTO_INCREMENT=34 DEFAULT CHARSET=latin1;
/*!40101 SET character_set_client = @saved_cs_client */;

--
-- Dumping data for table `tc_users`
--

LOCK TABLES `tc_users` WRITE;
/*!40000 ALTER TABLE `tc_users` DISABLE KEYS */;
INSERT INTO `tc_users` VALUES (1,'admin','d033e22ae348aeb5660fc2140aec35850c4da997',1,NULL,NULL,1,1),(3,'carla','3e0cbc8d886b933daac059bc18cc81cd12fd3632',1,NULL,NULL,2,2),(31,'debora','14d4120c8a8c239ea0b810bc2c70acb276b5db8e',1,NULL,NULL,2,75),(30,'alex','1cf0ec08a3d3d9722b71cb00ee7022adf4a8da8d',1,NULL,NULL,2,21),(6,'paula','45e963b37e9e226d6a6a185ec77d3fbeaa0e9981',1,NULL,NULL,2,5),(7,'emerson','c2f4e9127107102afc0d448f488f300eb7a509e1',1,NULL,NULL,2,7),(9,'eustasio','5555ecaeb29260fccb7a76fefd5833f3224eb606',1,NULL,NULL,2,27),(10,'timura','80de737fca91e8626fae1ad3b7587bff995d3aa9',1,NULL,NULL,2,25),(11,'ronaldo','87038fd2a1166978292794f4adea8955c16aef27',1,NULL,NULL,2,8),(12,'wallace','4194336b58d81a9e2f5f568cae43ab9bff41e358',1,NULL,NULL,2,18),(13,'daniel','0aad4ebb3ba5eef3ac879c7c07ceff494abbc246',1,NULL,NULL,2,29),(14,'marquinhos','1e32a58c141e793c5a6ee15d4f946c1ee090f786',1,NULL,NULL,2,30),(15,'luiz lu','79815366a2412985a51202af1708d324440ddb95',0,NULL,NULL,2,14),(17,'alcimenio','24025d50e6ca7cb201fd1998bd593dc378dec4f3',1,NULL,NULL,2,28),(18,'fernando','d94a9452b09397b35fb4569658bf9ed1f344fde1',1,NULL,NULL,2,31),(19,'jardel','08906223b46447299843e8805bfdd414b0d1db06',1,NULL,NULL,2,13),(20,'marcio','1e32a58c141e793c5a6ee15d4f946c1ee090f786',1,NULL,NULL,2,32),(21,'rosa','49abbdbd96c6f968bab8891ad673716e5d8a5f61',1,NULL,NULL,2,33),(22,'aline','32499aea802e0b1e0e455c07f5822a9b608f7365',1,NULL,NULL,2,34),(23,'marta','1e32a58c141e793c5a6ee15d4f946c1ee090f786',1,NULL,NULL,2,38),(24,'ricardo','46a27bc551723b160612a251ea8f825de5148bdd',1,NULL,NULL,2,40),(25,'talita','6bea30e9879bca4a18d708b8642fce317595365a',1,NULL,NULL,2,43),(26,'sheila','94cedca540eca35b1f845df6248eff943728d6cf',1,NULL,NULL,2,44),(27,'paulo','45e963b37e9e226d6a6a185ec77d3fbeaa0e9981',1,NULL,NULL,2,52),(28,'eli','5759be16f9006b79e1ad904c598d2ab68b3d8d87',1,NULL,NULL,2,53),(29,'claudio','0e533c6d93de75210e9923e38064ac2748a40ccf',1,NULL,NULL,2,62),(33,'felipe','59ab6f4d22686e6624005672c740f43d1693201b',1,NULL,NULL,2,78);
/*!40000 ALTER TABLE `tc_users` ENABLE KEYS */;
UNLOCK TABLES;
/*!40103 SET TIME_ZONE=@OLD_TIME_ZONE */;

/*!40101 SET SQL_MODE=@OLD_SQL_MODE */;
/*!40014 SET FOREIGN_KEY_CHECKS=@OLD_FOREIGN_KEY_CHECKS */;
/*!40014 SET UNIQUE_CHECKS=@OLD_UNIQUE_CHECKS */;
/*!40101 SET CHARACTER_SET_CLIENT=@OLD_CHARACTER_SET_CLIENT */;
/*!40101 SET CHARACTER_SET_RESULTS=@OLD_CHARACTER_SET_RESULTS */;
/*!40101 SET COLLATION_CONNECTION=@OLD_COLLATION_CONNECTION */;
/*!40111 SET SQL_NOTES=@OLD_SQL_NOTES */;

-- Dump completed on 2017-04-13 11:26:57
